"","Disease","Count of Disease
  Occurrence","Symptom"
"1","UMLS:C0020538_hypertensive
  disease","3363","UMLS:C0008031_pain
  chest"
"2","","","UMLS:C0392680_shortness
  of breath"
"3","","","UMLS:C0012833_dizziness"
"4","","","UMLS:C0004093_asthenia"
"5","","","UMLS:C0085639_fall"
"6","","","UMLS:C0039070_syncope"
"7","","","UMLS:C0042571_vertigo"
"8","","","UMLS:C0038990_sweat^UMLS:C0700590_sweating
  increased"
"9","","","UMLS:C0030252_palpitation"
"10","","","UMLS:C0027497_nausea"
"11","","","UMLS:C0002962_angina
  pectoris"
"12","","","UMLS:C0438716_pressure
  chest"
"13","UMLS:C0011847_diabetes","1421","UMLS:C0032617_polyuria"
"14","","","UMLS:C0085602_polydypsia"
"15","","","UMLS:C0392680_shortness
  of breath"
"16","","","UMLS:C0008031_pain
  chest"
"17","","","UMLS:C0004093_asthenia"
"18","","","UMLS:C0027497_nausea"
"19","","","UMLS:C0085619_orthopnea"
"20","","","UMLS:C0034642_rale"
"21","","","UMLS:C0038990_sweat^UMLS:C0700590_sweating
  increased"
"22","","","UMLS:C0241526_unresponsiveness"
"23","","","UMLS:C0856054_mental
  status changes"
"24","","","UMLS:C0042571_vertigo"
"25","","","UMLS:C0042963_vomiting"
"26","","","UMLS:C0553668_labored breathing"
"27","UMLS:C0011570_depression
  mental^UMLS:C0011581_depressive disorder","1337","UMLS:C0424000_feeling
  suicidal"
"28","","","UMLS:C0438696_suicidal"
"29","","","UMLS:C0233762_hallucinations
  auditory"
"30","","","UMLS:C0150041_feeling
  hopeless"
"31","","","UMLS:C0424109_weepiness"
"32","","","UMLS:C0917801_sleeplessness"
"33","","","UMLS:C0424230_motor
  retardation"
"34","","","UMLS:C0022107_irritable
  mood"
"35","","","UMLS:C0312422_blackout"
"36","","","UMLS:C0344315_mood
  depressed"
"37","","","UMLS:C0233763_hallucinations
  visual"
"38","","","UMLS:C0233481_worry"
"39","","","UMLS:C0085631_agitation"
"40","","","UMLS:C0040822_tremor"
"41","","","UMLS:C0728899_intoxication"
"42","","","UMLS:C0424068_verbal
  auditory hallucinations"
"43","","","UMLS:C0455769_energy
  increased"
"44","","","UMLS:C1299586_difficulty"
"45","","","UMLS:C0028084_nightmare"
"46","","","UMLS:C0235198_unable
  to concentrate"
"47","","","UMLS:C0237154_homelessness"
"48","UMLS:C0010054_coronary
  arteriosclerosis^UMLS:C0010068_coronary heart disease","1284","UMLS:C0008031_pain
  chest"
"49","","","UMLS:C0002962_angina
  pectoris"
"50","","","UMLS:C0392680_shortness
  of breath"
"51","","","UMLS:C0086439_hypokinesia"
"52","","","UMLS:C0038990_sweat^UMLS:C0700590_sweating
  increased"
"53","","","UMLS:C0438716_pressure
  chest"
"54","","","UMLS:C0231807_dyspnea
  on exertion"
"55","","","UMLS:C0085619_orthopnea"
"56","","","UMLS:C0232292_chest
  tightness"
"57","UMLS:C0032285_pneumonia","1029","UMLS:C0010200_cough"
"58","","","UMLS:C0015967_fever"
"59","","","UMLS:C0029053_decreased
  translucency"
"60","","","UMLS:C0392680_shortness
  of breath"
"61","","","UMLS:C0034642_rale"
"62","","","UMLS:C0239134_productive
  cough"
"63","","","UMLS:C0008033_pleuritic
  pain"
"64","","","UMLS:C0457096_yellow
  sputum"
"65","","","UMLS:C0238844_breath
  sounds decreased"
"66","","","UMLS:C0085593_chill"
"67","","","UMLS:C0035508_rhonchus"
"68","","","UMLS:C0457097_green
  sputum"
"69","","","UMLS:C0850149_non-productive
  cough"
"70","","","UMLS:C0043144_wheezing"
"71","","","UMLS:C0019079_haemoptysis"
"72","","","UMLS:C0476273_distress
  respiratory"
"73","","","UMLS:C0231835_tachypnea"
"74","","","UMLS:C0231218_malaise"
"75","","","UMLS:C0028081_night
  sweat"
"76","UMLS:C0018802_failure
  heart congestive","963","UMLS:C0392680_shortness
  of breath"
"77","","","UMLS:C0085619_orthopnea"
"78","","","UMLS:C0240100_jugular
  venous distention"
"79","","","UMLS:C0034642_rale"
"80","","","UMLS:C0013404_dyspnea"
"81","","","UMLS:C0010200_cough"
"82","","","UMLS:C0043144_wheezing"
"83","UMLS:C0038454_accident
  cerebrovascular","885","UMLS:C0013362_dysarthria"
"84","","","UMLS:C0004093_asthenia"
"85","","","UMLS:C0234518_speech
  slurred"
"86","","","UMLS:C0427055_facial
  paresis"
"87","","","UMLS:C0018991_hemiplegia"
"88","","","UMLS:C0241526_unresponsiveness"
"89","","","UMLS:C0036572_seizure"
"90","","","UMLS:C0028643_numbness"
"91","UMLS:C0004096_asthma","835","UMLS:C0043144_wheezing"
"92","","","UMLS:C0010200_cough"
"93","","","UMLS:C0392680_shortness
  of breath"
"94","","","UMLS:C0232292_chest
  tightness"
"95","","","UMLS:C0850149_non-productive
  cough"
"96","","","UMLS:C0008033_pleuritic
  pain"
"97","","","UMLS:C0239134_productive
  cough"
"98","","","UMLS:C0436331_symptom
  aggravating factors"
"99","","","UMLS:C0476273_distress
  respiratory"
"100","UMLS:C0027051_myocardial
  infarction","759","UMLS:C0008031_pain chest"
"101","","","UMLS:C0520886_st segment elevation"
"102","","","UMLS:C0038990_sweat^UMLS:C0700590_sweating increased"
"103","","","UMLS:C0392680_shortness of breath"
"104","","","UMLS:C0520887_st segment depression"
"105","","","UMLS:C0086439_hypokinesia"
"106","","","UMLS:C0002962_angina pectoris"
"107","","","UMLS:C0438716_pressure chest"
"108","","","UMLS:C0520888_t wave inverted"
"109","","","UMLS:C0085619_orthopnea"
"110","","","UMLS:C0034642_rale"
"111","","","UMLS:C0232292_chest tightness"
"112","","","UMLS:C1305739_presence of q wave"
"113","","","UMLS:C0030252_palpitation"
"114","","","UMLS:C0013404_dyspnea"
"115","","","UMLS:C0235710_chest discomfort"
"116","","","UMLS:C0428977_bradycardia"
"117","","","UMLS:C0039070_syncope"
"118","UMLS:C0020443_hypercholesterolemia","685","UMLS:C0030193_pain"
"119","","","UMLS:C0008031_pain chest"
"120","","","UMLS:C0038990_sweat^UMLS:C0700590_sweating increased"
"121","","","UMLS:C0337672_nonsmoker"
"122","","","UMLS:C0438716_pressure chest"
"123","","","UMLS:C0039070_syncope"
"124","","","UMLS:C0028643_numbness"
"125","","","UMLS:C0235710_chest discomfort"
"126","","","UMLS:C0392680_shortness of breath"
"127","","","UMLS:C0520887_st segment depression"
"128","","","UMLS:C0233481_worry"
"129","","","UMLS:C0520888_t wave inverted"
"130","","","UMLS:C0428977_bradycardia"
"131","","","UMLS:C0013404_dyspnea"
"132","UMLS:C0021311_infection","630","UMLS:C0015967_fever"
"133","","","UMLS:C0041834_erythema"
"134","","","UMLS:C0029053_decreased translucency"
"135","","","UMLS:C0019214_hepatosplenomegaly"
"136","","","UMLS:C0085593_chill"
"137","","","UMLS:C0033774_pruritus"
"138","","","UMLS:C0011991_diarrhea"
"139","","","UMLS:C0549483_abscess bacterial"
"140","","","UMLS:C0038999_swelling"
"141","","","UMLS:C0030193_pain"
"142","","","UMLS:C0277797_apyrexial"
"143","","","UMLS:C0010200_cough"
"144","UMLS:C0042029_infection
  urinary tract","597","UMLS:C0015967_fever"
"145","","","UMLS:C0013428_dysuria"
"146","","","UMLS:C0018965_hematuria"
"147","","","UMLS:C0235634_renal angle tenderness"
"148","","","UMLS:C0023380_lethargy"
"149","","","UMLS:C0004093_asthenia"
"150","","","UMLS:C0020625_hyponatremia"
"151","","","UMLS:C0578150_hemodynamically stable"
"152","","","UMLS:C0476273_distress respiratory"
"153","","","UMLS:C0241705_difficulty passing urine"
"154","","","UMLS:C0856054_mental status changes"
"155","","","UMLS:C0239110_consciousness clear"
"156","UMLS:C0002871_anemia","544","UMLS:C0085593_chill"
"157","","","UMLS:C0744492_guaiac positive"
"158","","","UMLS:C0746619_monoclonal"
"159","","","UMLS:C0013491_ecchymosis"
"160","","","UMLS:C1269955_tumor cell invasion"
"161","","","UMLS:C0019080_haemorrhage"
"162","","","UMLS:C0030232_pallor"
"163","","","UMLS:C0004093_asthenia"
"164","","","UMLS:C0015672_fatigue"
"165","","","UMLS:C0744740_heme positive"
"166","","","UMLS:C0004604_pain back"
"167","","","UMLS:C0149746_orthostasis"
"168","","","UMLS:C0020625_hyponatremia"
"169","","","UMLS:C0012833_dizziness"
"170","","","UMLS:C0392680_shortness of breath"
"171","","","UMLS:C0030193_pain"
"172","","","UMLS:C0035508_rhonchus"
"173","","","UMLS:C0003862_arthralgia"
"174","","","UMLS:C0038999_swelling"
"175","","","UMLS:C1096646_transaminitis"
"176","UMLS:C0024117_chronic
  obstructive airway disease","524","UMLS:C0392680_shortness of breath"
"177","","","UMLS:C0043144_wheezing"
"178","","","UMLS:C0010200_cough"
"179","","","UMLS:C0013404_dyspnea"
"180","","","UMLS:C0476273_distress respiratory"
"181","","","UMLS:C0241235_sputum purulent"
"182","","","UMLS:C0700292_hypoxemia"
"183","","","UMLS:C0020440_hypercapnia"
"184","","","UMLS:C0376405_patient non compliance"
"185","","","UMLS:C0232292_chest tightness"
"186","UMLS:C0497327_dementia","504","UMLS:C0015967_fever"
"187","","","UMLS:C0085639_fall"
"188","","","UMLS:C0241526_unresponsiveness"
"189","","","UMLS:C0023380_lethargy"
"190","","","UMLS:C0085631_agitation"
"191","","","UMLS:C0013491_ecchymosis"
"192","","","UMLS:C0039070_syncope"
"193","","","UMLS:C0034642_rale"
"194","","","UMLS:C0041657_unconscious state"
"195","","","UMLS:C0010200_cough"
"196","","","UMLS:C0425251_bedridden^UMLS:C0741453_bedridden"
"197","","","UMLS:C0030193_pain"
"198","","","UMLS:C0427055_facial paresis"
"199","","","UMLS:C0232498_abdominal tenderness"
"200","","","UMLS:C0035508_rhonchus"
"201","","","UMLS:C1273573_unsteady gait"
"202","","","UMLS:C0233762_hallucinations auditory"
"203","UMLS:C1565489_insufficiency
  renal","445","UMLS:C0392680_shortness of breath"
"204","","","UMLS:C0020461_hyperkalemia"
"205","","","UMLS:C0085619_orthopnea"
"206","","","UMLS:C0034642_rale"
"207","","","UMLS:C0085606_urgency of micturition"
"208","","","UMLS:C0003962_ascites"
"209","","","UMLS:C0744492_guaiac positive"
"210","","","UMLS:C0004093_asthenia"
"211","","","UMLS:C0277797_apyrexial"
"212","","","UMLS:C0856054_mental status changes"
"213","","","UMLS:C0013404_dyspnea"
"214","","","UMLS:C1299586_difficulty"
"215","","","UMLS:C0011991_diarrhea"
"216","","","UMLS:C0020649_hypotension"
"217","","","UMLS:C0238844_breath sounds decreased"
"218","","","UMLS:C0038999_swelling"
"219","","","UMLS:C0086439_hypokinesia"
"220","UMLS:C0009676_confusion","408","UMLS:C0036572_seizure"
"221","","","UMLS:C0014394_enuresis"
"222","","","UMLS:C0023380_lethargy"
"223","","","UMLS:C0234518_speech slurred"
"224","","","UMLS:C0085639_fall"
"225","","","UMLS:C0239110_consciousness clear"
"226","","","UMLS:C0856054_mental status changes"
"227","","","UMLS:C0232766_asterixis"
"228","","","UMLS:C0041657_unconscious state"
"229","","","UMLS:C0085631_agitation"
"230","","","UMLS:C0231530_muscle twitch"
"231","","","UMLS:C0004093_asthenia"
"232","","","UMLS:C0234450_sleepy"
"233","","","UMLS:C0012833_dizziness"
"234","","","UMLS:C0018681_headache"
"235","","","UMLS:C0013362_dysarthria"
"236","","","UMLS:C0220870_lightheadedness"
"237","","","UMLS:C0040822_tremor"
"238","","","UMLS:C0020625_hyponatremia"
"239","","","UMLS:C0241526_unresponsiveness"
"240","UMLS:C0029408_degenerative
  polyarthritis","405","UMLS:C0030193_pain"
"241","","","UMLS:C0149696_food
  intolerance"
"242","","","UMLS:C0239832_numbness
  of hand"
"243","","","UMLS:C0858924_general
  discomfort"
"244","","","UMLS:C0013144_drowsiness"
"245","","","UMLS:C0004093_asthenia"
"246","","","UMLS:C0337672_nonsmoker"
"247","","","UMLS:C0850149_non-productive
  cough"
"248","","","UMLS:C0085602_polydypsia"
"249","","","UMLS:C0427008_stiffness"
"250","","","UMLS:C1273573_unsteady
  gait"
"251","UMLS:C0020676_hypothyroidism","398","UMLS:C0392680_shortness of breath"
"252","","","UMLS:C0242453_prostatism"
"253","","","UMLS:C0013144_drowsiness^UMLS:C0234450_sleepy"
"254","","","UMLS:C0020625_hyponatremia"
"255","","","UMLS:C0085639_fall"
"256","","","UMLS:C1273573_unsteady gait"
"257","","","UMLS:C0032617_polyuria"
"258","","","UMLS:C0020649_hypotension"
"259","","","UMLS:C1299586_difficulty"
"260","","","UMLS:C0039070_syncope"
"261","","","UMLS:C0028084_nightmare"
"262","","","UMLS:C0234518_speech slurred"
"263","","","UMLS:C0043094_weight gain"
"264","","","UMLS:C0004093_asthenia"
"265","","","UMLS:C0015672_fatigue^UMLS:C0557875_tired"
"266","","","UMLS:C0085631_agitation"
"267","","","UMLS:C0856054_mental status changes"
"268","","","UMLS:C0424230_motor retardation"
"269","","","UMLS:C0042963_vomiting"
"270","","","UMLS:C0028643_numbness"
"271","","","UMLS:C0577559_mass of body structure"
"272","UMLS:C0700613_anxiety
  state","390","UMLS:C0233481_worry"
"273","","","UMLS:C0424000_feeling suicidal"
"274","","","UMLS:C0438696_suicidal"
"275","","","UMLS:C0917801_sleeplessness"
"276","","","UMLS:C0150041_feeling hopeless"
"277","","","UMLS:C0022107_irritable mood"
"278","","","UMLS:C0040822_tremor"
"279","","","UMLS:C0312422_blackout"
"280","","","UMLS:C0424109_weepiness"
"281","","","UMLS:C0557075_has religious belief"
"282","","","UMLS:C0027769_nervousness"
"283","","","UMLS:C0233763_hallucinations visual"
"284","","","UMLS:C0016579_formication"
"285","","","UMLS:C1299586_difficulty"
"286","","","UMLS:C0008031_pain chest"
"287","","","UMLS:C0376405_patient non compliance"
"288","","","UMLS:C0085631_agitation"
"289","","","UMLS:C0030252_palpitation"
"290","","","UMLS:C0233762_hallucinations auditory"
"291","","","UMLS:C0344315_mood depressed"
"292","","","UMLS:C0600142_hot flush"
"293","","","UMLS:C0030193_pain"
"294","","","UMLS:C0239110_consciousness clear"
"295","","","UMLS:C0028084_nightmare"
"296","UMLS:C0006826_malignant
  neoplasms^UMLS:C1306459_primary malignant neoplasm","354","UMLS:C0030193_pain"
"297","","","UMLS:C0577559_mass of body structure"
"298","","","UMLS:C0221198_lesion"
"299","","","UMLS:C0332601_cushingoid facies^UMLS:C0878661_cushingoid habitus"
"300","","","UMLS:C0743482_emphysematous change"
"301","","","UMLS:C0043096_decreased body weight"
"302","","","UMLS:C0003962_ascites"
"303","","","UMLS:C0019825_hoarseness"
"304","","","UMLS:C0205400_thicken"
"305","","","UMLS:C0018965_hematuria"
"306","UMLS:C0001175_acquired
  immuno-deficiency
  syndrome^UMLS:C0019682_HIV^UMLS:C0019693_hiv infections","350","UMLS:C0015967_fever"
"307","","","UMLS:C0028081_night sweat"
"308","","","UMLS:C0233308_spontaneous rupture of membranes"
"309","","","UMLS:C0010200_cough"
"310","","","UMLS:C0032739_"
"311","","","UMLS:C0043096_decreased body weight"
"312","","","UMLS:C0085593_chill"
"313","","","UMLS:C0011991_diarrhea"
"314","","","UMLS:C0008033_pleuritic pain"
"315","","","UMLS:C0376405_patient non compliance"
"316","","","UMLS:C0231835_tachypnea"
"317","","","UMLS:C0239134_productive cough"
"318","","","UMLS:C0026827_muscle hypotonia^UMLS:C0241938_hypotonic"
"319","","","UMLS:C0424000_feeling suicidal"
"320","UMLS:C0007642_cellulitis","341","UMLS:C0041834_erythema"
"321","","","UMLS:C0030193_pain"
"322","","","UMLS:C0038999_swelling"
"323","","","UMLS:C0332575_redness"
"324","","","UMLS:C0015967_fever"
"325","","","UMLS:C0549483_abscess bacterial"
"326","","","UMLS:C0376405_patient non compliance"
"327","","","UMLS:C0020580_hypesthesia"
"328","","","UMLS:C0034880_hyperacusis"
"329","","","UMLS:C0033774_pruritus"
"330","","","UMLS:C0008031_pain chest"
"331","","","UMLS:C1384489_scratch marks"
"332","","","UMLS:C0085593_chill"
"333","","","UMLS:C0234233_sore to touch"
"334","UMLS:C0017168_gastroesophageal
  reflux disease","325","UMLS:C0030193_pain"
"335","","","UMLS:C0008031_pain chest"
"336","","","UMLS:C0085624_burning sensation"
"337","","","UMLS:C0020625_hyponatremia"
"338","","","UMLS:C0239233_satiety early"
"339","","","UMLS:C1444773_throbbing sensation quality"
"340","","","UMLS:C0232292_chest tightness"
"341","","","UMLS:C0234215_sensory discomfort"
"342","","","UMLS:C1305739_presence of q wave"
"343","","","UMLS:C0027497_nausea"
"344","","","UMLS:C0858924_general discomfort"
"345","","","UMLS:C0009806_constipation"
"346","","","UMLS:C0030252_palpitation"
"347","","","UMLS:C0000737_pain abdominal"
"348","","","UMLS:C0018834_heartburn"
"349","","","UMLS:C0038990_sweat^UMLS:C0700590_sweating increased"
"350","","","UMLS:C0004093_asthenia"
"351","UMLS:C0036690_septicemia^UMLS:C0243026_systemic
  infection^UMLS:C1090821_sepsis (invertebrate)","311","UMLS:C0015967_fever"
"352","","","UMLS:C0476273_distress respiratory"
"353","","","UMLS:C0020649_hypotension"
"354","","","UMLS:C0231835_tachypnea"
"355","","","UMLS:C0085593_chill"
"356","","","UMLS:C0023380_lethargy"
"357","","","UMLS:C0428977_bradycardia"
"358","","","UMLS:C0006157_breech presentation"
"359","","","UMLS:C0010520_cyanosis"
"360","","","UMLS:C0233308_spontaneous rupture of membranes"
"361","","","UMLS:C0019080_haemorrhage"
"362","","","UMLS:C0241526_unresponsiveness"
"363","","","UMLS:C0034642_rale"
"364","","","UMLS:C0277797_apyrexial"
"365","UMLS:C0149871_deep
  vein thrombosis","310","UMLS:C0038999_swelling"
"366","","","UMLS:C0030193_pain"
"367","","","UMLS:C0013491_ecchymosis"
"368","","","UMLS:C0392680_shortness of breath"
"369","","","UMLS:C0023222_pain in lower limb"
"370","","","UMLS:C0018800_cardiomegaly"
"371","","","UMLS:C0034642_rale"
"372","","","UMLS:C0041834_erythema"
"373","","","UMLS:C0020649_hypotension"
"374","","","UMLS:C0009024_clonus"
"375","","","UMLS:C0850149_non-productive cough"
"376","","","UMLS:C0332575_redness"
"377","UMLS:C0011175_dehydration","297","UMLS:C0015967_fever"
"378","","","UMLS:C0011991_diarrhea"
"379","","","UMLS:C0042963_vomiting"
"380","","","UMLS:C0020649_hypotension"
"381","","","UMLS:C0027497_nausea"
"382","","","UMLS:C0220870_lightheadedness"
"383","","","UMLS:C0857256_unwell"
"384","","","UMLS:C0856054_mental status changes"
"385","","","UMLS:C0003123_anorexia"
"386","","","UMLS:C0004093_asthenia"
"387","","","UMLS:C0234215_sensory discomfort"
"388","","","UMLS:C0039070_syncope"
"389","","","UMLS:C0023380_lethargy"
"390","","","UMLS:C0012833_dizziness"
"391","","","UMLS:C0039070_syncope^UMLS:C0312422_blackout^UMLS:C0424533_history
  of - blackout"
"392","UMLS:C0027651_neoplasm","297","UMLS:C0577559_mass of body structure"
"393","","","UMLS:C0221198_lesion"
"394","","","UMLS:C0008031_pain chest"
"395","","","UMLS:C0018965_hematuria"
"396","","","UMLS:C1269955_tumor cell invasion"
"397","","","UMLS:C0030193_pain"
"398","","","UMLS:C0003126_anosmia"
"399","","","UMLS:C0205400_thicken"
"400","","","UMLS:C1513183_metastatic lesion"
"401","","","UMLS:C0149696_food intolerance"
"402","","","UMLS:C0043096_decreased body weight"
"403","","","UMLS:C0028081_night sweat"
"404","","","UMLS:C0271202_hemianopsia homonymous"
"405","","","UMLS:C0239233_satiety early"
"406","","","UMLS:C0000737_pain abdominal"
"407","","","UMLS:C0018681_headache"
"408","UMLS:C0034065_embolism
  pulmonary","294","UMLS:C0392680_shortness of breath"
"409","","","UMLS:C0700292_hypoxemia"
"410","","","UMLS:C0231835_tachypnea"
"411","","","UMLS:C0744727_hematocrit decreased"
"412","","","UMLS:C0008031_pain chest"
"413","","","UMLS:C0013404_dyspnea"
"414","","","UMLS:C0008033_pleuritic pain"
"415","","","UMLS:C0151315_neck stiffness"
"416","","","UMLS:C0457096_yellow sputum"
"417","","","UMLS:C0239134_productive cough"
"418","","","UMLS:C0008767_cicatrisation"
"419","","","UMLS:C0241526_unresponsiveness"
"420","","","UMLS:C0476273_distress respiratory"
"421","","","UMLS:C0043144_wheezing"
"422","","","UMLS:C0277797_apyrexial"
"423","","","UMLS:C0850149_non-productive cough"
"424","UMLS:C0014544_epilepsy","290","UMLS:C0036572_seizure"
"425","","","UMLS:C0347938_hypometabolism"
"426","","","UMLS:C0236018_aura"
"427","","","UMLS:C0231530_muscle twitch"
"428","","","UMLS:C0013144_drowsiness"
"429","","","UMLS:C0040822_tremor"
"430","","","UMLS:C0241526_unresponsiveness"
"431","","","UMLS:C0018991_hemiplegia"
"432","","","UMLS:C0027066_myoclonus"
"433","","","UMLS:C0232517_gurgle"
"434","","","UMLS:C0234450_sleepy"
"435","","","UMLS:C0023380_lethargy"
"436","","","UMLS:C0558195_wheelchair bound"
"437","UMLS:C0878544_cardiomyopathy","283","UMLS:C0392680_shortness of breath"
"438","","","UMLS:C0085619_orthopnea"
"439","","","UMLS:C0086439_hypokinesia"
"440","","","UMLS:C0240100_jugular venous distention"
"441","","","UMLS:C0030252_palpitation"
"442","","","UMLS:C0008031_pain chest"
"443","","","UMLS:C0039070_syncope"
"444","","","UMLS:C0457096_yellow sputum"
"445","","","UMLS:C0034642_rale"
"446","","","UMLS:C0013404_dyspnea"
"447","","","UMLS:C0231807_dyspnea on exertion"
"448","","","UMLS:C0238705_left atrial hypertrophy"
"449","","","UMLS:C0015672_fatigue"
"450","","","UMLS:C0043094_weight gain"
"451","","","UMLS:C0376405_patient non compliance"
"452","UMLS:C0022661_chronic
  kidney failure","280","UMLS:C0042963_vomiting"
"453","","","UMLS:C0085619_orthopnea"
"454","","","UMLS:C0020461_hyperkalemia"
"455","","","UMLS:C0028961_oliguria"
"456","","","UMLS:C0240100_jugular venous distention"
"457","","","UMLS:C0027497_nausea"
"458","","","UMLS:C0392680_shortness of breath"
"459","","","UMLS:C0856054_mental status changes"
"460","","","UMLS:C0011991_diarrhea"
"461","","","UMLS:C0004093_asthenia"
"462","","","UMLS:C0232292_chest tightness"
"463","","","UMLS:C0231218_malaise"
"464","","","UMLS:C0085593_chill"
"465","","","UMLS:C0034642_rale"
"466","","","UMLS:C0015967_fever"
"467","","","UMLS:C0008033_pleuritic pain"
"468","","","UMLS:C0277797_apyrexial"
"469","","","UMLS:C0744492_guaiac positive"
"470","","","UMLS:C0038999_swelling"
"471","","","UMLS:C0007398_catatonia"
"472","","","UMLS:C0241526_unresponsiveness"
"473","","","UMLS:C0457096_yellow sputum"
"474","UMLS:C0007097_carcinoma","269","UMLS:C0577559_mass of body structure"
"475","","","UMLS:C0030193_pain"
"476","","","UMLS:C0221198_lesion"
"477","","","UMLS:C1269955_tumor cell invasion"
"478","","","UMLS:C0205400_thicken"
"479","","","UMLS:C0043096_decreased body weight"
"480","","","UMLS:C0019825_hoarseness"
"481","","","UMLS:C0858924_general discomfort"
"482","","","UMLS:C1513183_metastatic lesion"
"483","","","UMLS:C0850149_non-productive cough"
"484","","","UMLS:C0009806_constipation"
"485","","","UMLS:C0847488_unhappy"
"486","","","UMLS:C0030554_paresthesia"
"487","","","UMLS:C0232995_gravida 0"
"488","","","UMLS:C0011991_diarrhea"
"489","","","UMLS:C0234233_sore to touch"
"490","","","UMLS:C0018834_heartburn"
"491","","","UMLS:C0027497_nausea"
"492","","","UMLS:C0034079_lung nodule"
"493","UMLS:C0019196_hepatitis
  C","269","UMLS:C0003962_ascites"
"494","","","UMLS:C0000731_distended abdomen"
"495","","","UMLS:C0424000_feeling suicidal"
"496","","","UMLS:C0010200_cough"
"497","","","UMLS:C0234238_ache"
"498","","","UMLS:C0558143_macerated skin"
"499","","","UMLS:C0581912_heavy feeling"
"500","","","UMLS:C0233762_hallucinations auditory"
"501","","","UMLS:C0085593_chill"
"502","","","UMLS:C0232766_asterixis"
"503","","","UMLS:C0376405_patient non compliance"
"504","UMLS:C0085096_peripheral
  vascular disease","268","UMLS:C0392680_shortness of breath"
"505","","","UMLS:C0234253_rest pain"
"506","","","UMLS:C0002962_angina pectoris"
"507","","","UMLS:C0241526_unresponsiveness"
"508","","","UMLS:C0020461_hyperkalemia"
"509","","","UMLS:C0232201_sinus rhythm"
"510","","","UMLS:C0553668_labored breathing"
"511","","","UMLS:C0013404_dyspnea"
"512","","","UMLS:C0234233_sore to touch"
"513","","","UMLS:C0003123_anorexia"
"514","","","UMLS:C0234450_sleepy"
"515","UMLS:C0033975_psychotic
  disorder","267","UMLS:C0438696_suicidal"
"516","","","UMLS:C0233762_hallucinations auditory"
"517","","","UMLS:C0424000_feeling suicidal"
"518","","","UMLS:C0233763_hallucinations visual"
"519","","","UMLS:C0424230_motor retardation"
"520","","","UMLS:C0312422_blackout"
"521","","","UMLS:C0424068_verbal auditory hallucinations"
"522","","","UMLS:C0150041_feeling hopeless"
"523","","","UMLS:C0022107_irritable mood"
"524","","","UMLS:C0085631_agitation"
"525","","","UMLS:C0040822_tremor"
"526","","","UMLS:C0007398_catatonia"
"527","","","UMLS:C0424109_weepiness"
"528","","","UMLS:C0237154_homelessness"
"529","","","UMLS:C0917801_sleeplessness"
"530","","","UMLS:C0424092_withdraw"
"531","","","UMLS:C0455769_energy increased"
"532","","","UMLS:C0728899_intoxication"
"533","","","UMLS:C0233481_worry"
"534","","","UMLS:C0424295_behavior hyperactive"
"535","","","UMLS:C0376405_patient non compliance"
"536","","","UMLS:C0344315_mood depressed"
"537","","","UMLS:C0558261_terrify"
"538","","","UMLS:C0028084_nightmare"
"539","","","UMLS:C0239110_consciousness clear"
"540","UMLS:C0020473_hyperlipidemia","247","UMLS:C0008031_pain chest"
"541","","","UMLS:C0002962_angina pectoris"
"542","","","UMLS:C0030252_palpitation"
"543","","","UMLS:C1305739_presence of q wave"
"544","","","UMLS:C0085635_photopsia"
"545","","","UMLS:C0038990_sweat^UMLS:C0700590_sweating increased"
"546","","","UMLS:C0235710_chest discomfort"
"547","","","UMLS:C0392680_shortness of breath"
"548","","","UMLS:C0392701_giddy mood"
"549","","","UMLS:C0086439_hypokinesia"
"550","","","UMLS:C0018991_hemiplegia"
"551","","","UMLS:C0012833_dizziness"
"552","UMLS:C0005586_bipolar
  disorder","241","UMLS:C0424000_feeling suicidal"
"553","","","UMLS:C0455769_energy increased"
"554","","","UMLS:C0438696_suicidal"
"555","","","UMLS:C0022107_irritable mood"
"556","","","UMLS:C0085631_agitation"
"557","","","UMLS:C0557075_has religious belief"
"558","","","UMLS:C0578859_disturbed family"
"559","","","UMLS:C0233762_hallucinations auditory"
"560","","","UMLS:C0424068_verbal auditory hallucinations"
"561","","","UMLS:C0424109_weepiness"
"562","","","UMLS:C0424295_behavior hyperactive"
"563","","","UMLS:C0007398_catatonia"
"564","","","UMLS:C0150041_feeling hopeless"
"565","","","UMLS:C0233481_worry"
"566","","","UMLS:C0917801_sleeplessness"
"567","","","UMLS:C0917799_hypersomnia"
"568","","","UMLS:C1299586_difficulty"
"569","","","UMLS:C0233763_hallucinations visual"
"570","","","UMLS:C0020458_hyperhidrosis disorder"
"571","","","UMLS:C0026961_mydriasis"
"572","","","UMLS:C0234133_extrapyramidal sign"
"573","","","UMLS:C0240233_loose associations"
"574","","","UMLS:C0728899_intoxication"
"575","","","UMLS:C0424230_motor retardation"
"576","","","UMLS:C0237154_homelessness"
"577","","","UMLS:C0312422_blackout"
"578","","","UMLS:C0040822_tremor"
"579","","","UMLS:C0392674_exhaustion"
"580","UMLS:C0028754_obesity","228","UMLS:C0030193_pain"
"581","","","UMLS:C0007398_catatonia"
"582","","","UMLS:C0037384_snore"
"583","","","UMLS:C0008031_pain chest"
"584","","","UMLS:C0429091_r wave feature"
"585","","","UMLS:C0557075_has religious belief"
"586","","","UMLS:C0392680_shortness of breath"
"587","","","UMLS:C0015672_fatigue^UMLS:C0557875_tired"
"588","","","UMLS:C0497406_overweight"
"589","","","UMLS:C0232257_systolic murmur"
"590","","","UMLS:C0344315_mood depressed"
"591","","","UMLS:C0013491_ecchymosis"
"592","UMLS:C0022116_ischemia","226","UMLS:C0013144_drowsiness^UMLS:C0234450_sleepy"
"593","","","UMLS:C0008031_pain chest"
"594","","","UMLS:C0002962_angina pectoris"
"595","","","UMLS:C0438716_pressure chest"
"596","","","UMLS:C0235710_chest discomfort"
"597","","","UMLS:C0392680_shortness of breath"
"598","","","UMLS:C0013404_dyspnea"
"599","","","UMLS:C0232201_sinus rhythm"
"600","","","UMLS:C0428977_bradycardia"
"601","","","UMLS:C0038990_sweat^UMLS:C0700590_sweating increased"
"602","","","UMLS:C0034642_rale"
"603","","","UMLS:C0231221_asymptomatic"
"604","","","UMLS:C0003123_anorexia"
"605","UMLS:C1623038_cirrhosis","218","UMLS:C0003962_ascites"
"606","","","UMLS:C0085639_fall"
"607","","","UMLS:C0038002_splenomegaly"
"608","","","UMLS:C0033774_pruritus"
"609","","","UMLS:C0000737_pain abdominal"
"610","","","UMLS:C1269955_tumor cell invasion"
"611","","","UMLS:C0000731_distended abdomen"
"612","","","UMLS:C0221198_lesion"
"613","","","UMLS:C0578150_hemodynamically stable"
"614","","","UMLS:C0744492_guaiac positive"
"615","","","UMLS:C0234233_sore to touch"
"616","","","UMLS:C0151706_bleeding of vagina"
"617","UMLS:C0015230_exanthema","208","UMLS:C0015967_fever"
"618","","","UMLS:C0033774_pruritus"
"619","","","UMLS:C0332573_macule"
"620","","","UMLS:C0221198_lesion"
"621","","","UMLS:C0332575_redness"
"622","","","UMLS:C0018681_headache"
"623","","","UMLS:C0277797_apyrexial"
"624","","","UMLS:C0003862_arthralgia"
"625","","","UMLS:C0038999_swelling"
"626","","","UMLS:C0041834_erythema"
"627","","","UMLS:C0085636_photophobia"
"628","","","UMLS:C0085593_chill"
"629","","","UMLS:C1384489_scratch marks"
"630","","","UMLS:C0030193_pain"
"631","","","UMLS:C0221150_painful swallowing"
"632","UMLS:C0005001_benign
  prostatic hypertrophy","192","UMLS:C0856054_mental status changes"
"633","","","UMLS:C0006625_cachexia"
"634","","","UMLS:C0312422_blackout"
"635","","","UMLS:C0149746_orthostasis"
"636","","","UMLS:C0085619_orthopnea"
"637","","","UMLS:C0028081_night sweat"
"638","","","UMLS:C0476273_distress respiratory"
"639","","","UMLS:C0003123_anorexia"
"640","","","UMLS:C0013362_dysarthria"
"641","UMLS:C0022660_kidney
  failure acute","186","UMLS:C0020461_hyperkalemia"
"642","","","UMLS:C0020649_hypotension"
"643","","","UMLS:C0020598_hypocalcemia result"
"644","","","UMLS:C0028961_oliguria"
"645","","","UMLS:C0578150_hemodynamically stable"
"646","","","UMLS:C0004093_asthenia"
"647","","","UMLS:C0020672_hypothermia, natural"
"648","","","UMLS:C0011991_diarrhea"
"649","","","UMLS:C0019080_haemorrhage"
"650","","","UMLS:C0241526_unresponsiveness"
"651","UMLS:C0026266_mitral
  valve insufficiency","186","UMLS:C0392680_shortness of breath"
"652","","","UMLS:C0231807_dyspnea on exertion"
"653","","","UMLS:C0231221_asymptomatic"
"654","","","UMLS:C0086439_hypokinesia"
"655","","","UMLS:C0013404_dyspnea"
"656","","","UMLS:C0039070_syncope"
"657","","","UMLS:C0205400_thicken"
"658","","","UMLS:C0238705_left atrial hypertrophy"
"659","","","UMLS:C0030252_palpitation"
"660","","","UMLS:C0015672_fatigue"
"661","","","UMLS:C0042963_vomiting"
"662","","","UMLS:C0030193_pain"
"663","","","UMLS:C0018800_cardiomegaly"
"664","","","UMLS:C0235710_chest discomfort"
"665","UMLS:C0003864_arthritis","179","UMLS:C0030193_pain"
"666","","","UMLS:C0578150_hemodynamically stable"
"667","","","UMLS:C0917801_sleeplessness"
"668","","","UMLS:C0004093_asthenia"
"669","","","UMLS:C0039070_syncope"
"670","","","UMLS:C0038999_swelling"
"671","","","UMLS:C0741302_atypia"
"672","","","UMLS:C0427108_general unsteadiness"
"673","","","UMLS:C0392680_shortness of breath"
"674","","","UMLS:C0000731_distended abdomen"
"675","UMLS:C0006277_bronchitis","172","UMLS:C0010200_cough"
"676","","","UMLS:C0043144_wheezing"
"677","","","UMLS:C0392680_shortness of breath"
"678","","","UMLS:C0232292_chest tightness"
"679","","","UMLS:C0015967_fever"
"680","","","UMLS:C0242429_throat sore"
"681","","","UMLS:C0239134_productive cough"
"682","","","UMLS:C0019214_hepatosplenomegaly"
"683","","","UMLS:C0028081_night sweat"
"684","","","UMLS:C0019079_haemoptysis"
"685","","","UMLS:C0553668_labored breathing"
"686","","","UMLS:C1260880_snuffle"
"687","","","UMLS:C0239133_hacking cough"
"688","","","UMLS:C0013404_dyspnea"
"689","","","UMLS:C0085593_chill"
"690","","","UMLS:C0038450_stridor"
"691","","","UMLS:C0043096_decreased body weight"
"692","UMLS:C0018989_hemiparesis","171","UMLS:C0013362_dysarthria"
"693","","","UMLS:C0030552_paresis"
"694","","","UMLS:C0004093_asthenia"
"695","","","UMLS:C0221470_aphagia"
"696","","","UMLS:C0036572_seizure"
"697","","","UMLS:C0234518_speech slurred"
"698","","","UMLS:C0751495_focal seizures"
"699","","","UMLS:C0018991_hemiplegia"
"700","","","UMLS:C0423571_abnormal sensation"
"701","","","UMLS:C0241526_unresponsiveness"
"702","","","UMLS:C0085628_stupor"
"703","","","UMLS:C0013144_drowsiness^UMLS:C0234450_sleepy"
"704","","","UMLS:C0231890_fremitus"
"705","","","UMLS:C0271276_Stahli's line"
"706","","","UMLS:C0677500_stinging sensation"
"707","","","UMLS:C0522224_paralyse"
"708","","","UMLS:C0009024_clonus"
"709","","","UMLS:C0427055_facial paresis"
"710","UMLS:C0029456_osteoporosis","169","UMLS:C0242453_prostatism"
"711","","","UMLS:C0085639_fall"
"712","","","UMLS:C0019572_hirsutism"
"713","","","UMLS:C0558361_sniffle"
"714","","","UMLS:C0000731_distended
  abdomen"
"715","","","UMLS:C0042571_vertigo"
"716","","","UMLS:C0239832_numbness
  of hand"
"717","","","UMLS:C0233565_bradykinesia"
"718","","","UMLS:C0030193_pain"
"719","","","UMLS:C0039070_syncope"
"720","","","UMLS:C0848168_out
  of breath"
"721","","","UMLS:C0277797_apyrexial"
"722","","","UMLS:C0150045_urge
  incontinence"
"723","","","UMLS:C0220870_lightheadedness"
"724","UMLS:C0007787_transient
  ischemic attack","168","UMLS:C0234518_speech slurred"
"725","","","UMLS:C0013362_dysarthria"
"726","","","UMLS:C0427055_facial paresis"
"727","","","UMLS:C0004093_asthenia"
"728","","","UMLS:C0151315_neck stiffness"
"729","","","UMLS:C0042571_vertigo"
"730","","","UMLS:C0028643_numbness"
"731","","","UMLS:C0220870_lightheadedness"
"732","","","UMLS:C0234133_extrapyramidal sign"
"733","","","UMLS:C0271276_Stahli's line"
"734","","","UMLS:C0344232_vision blurred"
"735","","","UMLS:C0018681_headache"
"736","","","UMLS:C0848277_room spinning"
"737","","","UMLS:C0039070_syncope"
"738","","","UMLS:C1299586_difficulty"
"739","","","UMLS:C0423982_rambling speech"
"740","","","UMLS:C0233844_clumsiness"
"741","UMLS:C0001418_adenocarcinoma","166","UMLS:C0577559_mass of body structure"
"742","","","UMLS:C0221198_lesion"
"743","","","UMLS:C0043096_decreased body weight"
"744","","","UMLS:C0009806_constipation"
"745","","","UMLS:C0231890_fremitus"
"746","","","UMLS:C0278014_decreased stool caliber"
"747","","","UMLS:C0239233_satiety early"
"748","","","UMLS:C0018932_hematochezia"
"749","","","UMLS:C0231872_egophony"
"750","","","UMLS:C0030193_pain"
"751","","","UMLS:C0008767_cicatrisation^UMLS:C0241158_scar tissue"
"752","","","UMLS:C0000737_pain abdominal"
"753","UMLS:C1456784_paranoia","165","UMLS:C0233762_hallucinations auditory"
"754","","","UMLS:C0233763_hallucinations visual"
"755","","","UMLS:C0085631_agitation"
"756","","","UMLS:C0022107_irritable mood"
"757","","","UMLS:C0424068_verbal auditory hallucinations"
"758","","","UMLS:C0424000_feeling suicidal"
"759","","","UMLS:C0438696_suicidal"
"760","","","UMLS:C0558261_terrify"
"761","","","UMLS:C0233647_neologism"
"762","","","UMLS:C0237154_homelessness"
"763","","","UMLS:C0455769_energy increased"
"764","","","UMLS:C0344315_mood depressed"
"765","","","UMLS:C0231187_decompensation"
"766","","","UMLS:C0008767_cicatrisation^UMLS:C0241158_scar tissue"
"767","","","UMLS:C0312422_blackout"
"768","","","UMLS:C0240233_loose associations"
"769","UMLS:C0030305_pancreatitis","165","UMLS:C0042963_vomiting"
"770","","","UMLS:C0000737_pain abdominal"
"771","","","UMLS:C0027497_nausea"
"772","","","UMLS:C0030193_pain"
"773","","","UMLS:C0011991_diarrhea"
"774","","","UMLS:C0241252_stool color yellow"
"775","","","UMLS:C0424790_rigor - temperature-associated observation"
"776","","","UMLS:C0277797_apyrexial"
"777","","","UMLS:C0234233_sore to touch"
"778","UMLS:C0021167_incontinence","165","UMLS:C0221166_paraparesis"
"779","","","UMLS:C0036572_seizure"
"780","","","UMLS:C0004093_asthenia"
"781","","","UMLS:C0150045_urge incontinence"
"782","","","UMLS:C0041657_unconscious state"
"783","","","UMLS:C0236018_aura"
"784","","","UMLS:C0554980_moody"
"785","","","UMLS:C0877040_fear of falling"
"786","","","UMLS:C0040822_tremor"
"787","","","UMLS:C0037763_spasm"
"788","","","UMLS:C0847488_unhappy"
"789","","","UMLS:C0039070_syncope"
"790","","","UMLS:C0085639_fall"
"791","","","UMLS:C0427008_stiffness"
"792","","","UMLS:C0241526_unresponsiveness"
"793","UMLS:C0013405_paroxysmal
  dyspnea","165","UMLS:C0085619_orthopnea"
"794","","","UMLS:C0392680_shortness of breath"
"795","","","UMLS:C0231807_dyspnea on exertion"
"796","","","UMLS:C0240100_jugular venous distention"
"797","","","UMLS:C0034642_rale"
"798","","","UMLS:C0008031_pain chest"
"799","","","UMLS:C0030252_palpitation"
"800","","","UMLS:C0038990_sweat^UMLS:C0700590_sweating increased"
"801","","","UMLS:C0043094_weight gain"
"802","","","UMLS:C0010200_cough"
"803","","","UMLS:C0013404_dyspnea"
"804","UMLS:C0019270_hernia","164","UMLS:C0000737_pain abdominal"
"805","","","UMLS:C0030193_pain"
"806","","","UMLS:C0020578_hyperventilation"
"807","","","UMLS:C0278141_excruciating pain"
"808","","","UMLS:C0016927_gag"
"809","","","UMLS:C0027497_nausea"
"810","","","UMLS:C0872410_posturing"
"811","","","UMLS:C0018991_hemiplegia"
"812","","","UMLS:C0234233_sore to touch"
"813","","","UMLS:C0019080_haemorrhage"
"814","","","UMLS:C0277797_apyrexial"
"815","","","UMLS:C0149696_food intolerance"
"816","","","UMLS:C0277899_pulse absent"
"817","","","UMLS:C0004093_asthenia"
"818","","","UMLS:C0577559_mass of body structure"
"819","","","UMLS:C0205400_thicken"
"820","UMLS:C0376358_malignant
  neoplasm of prostate^UMLS:C0600139_carcinoma prostate","163","UMLS:C0018965_hematuria"
"821","","","UMLS:C0392699_dysesthesia"
"822","","","UMLS:C0004093_asthenia"
"823","","","UMLS:C0521516_polymyalgia"
"824","","","UMLS:C0848621_passed stones"
"825","","","UMLS:C0008033_pleuritic pain"
"826","","","UMLS:C0744492_guaiac positive"
"827","","","UMLS:C0034642_rale"
"828","","","UMLS:C0238844_breath sounds decreased"
"829","","","UMLS:C0150045_urge incontinence"
"830","","","UMLS:C0013428_dysuria"
"831","","","UMLS:C0011991_diarrhea"
"832","","","UMLS:C0042571_vertigo"
"833","","","UMLS:C0151878_qt interval prolonged"
"834","","","UMLS:C0004134_ataxia"
"835","","","UMLS:C0030552_paresis"
"836","","","UMLS:C0271202_hemianopsia homonymous"
"837","","","UMLS:C1269955_tumor cell invasion"
"838","","","UMLS:C0578150_hemodynamically stable"
"839","","","UMLS:C0577559_mass of body structure"
"840","","","UMLS:C0035508_rhonchus"
"841","","","UMLS:C0149746_orthostasis"
"842","","","UMLS:C0043096_decreased body weight"
"843","UMLS:C0034063_edema
  pulmonary","161","UMLS:C0085606_urgency of micturition"
"844","","","UMLS:C0392680_shortness of breath"
"845","","","UMLS:C0034642_rale"
"846","","","UMLS:C0231835_tachypnea"
"847","","","UMLS:C0085619_orthopnea"
"848","","","UMLS:C0018862_Heberden's node"
"849","","","UMLS:C0240100_jugular venous distention"
"850","","","UMLS:C0013404_dyspnea"
"851","","","UMLS:C0038990_sweat^UMLS:C0700590_sweating increased"
"852","","","UMLS:C0376405_patient non compliance"
"853","","","UMLS:C0235710_chest discomfort"
"854","","","UMLS:C0020461_hyperkalemia"
"855","","","UMLS:C0232201_sinus rhythm"
"856","","","UMLS:C0008031_pain chest"
"857","","","UMLS:C0020649_hypotension"
"858","","","UMLS:C0043144_wheezing"
"859","UMLS:C0024228_lymphatic
  diseases","160","UMLS:C0030193_pain"
"860","","","UMLS:C0577559_mass of body structure"
"861","","","UMLS:C0028081_night sweat"
"862","","","UMLS:C0038002_splenomegaly"
"863","","","UMLS:C0221198_lesion"
"864","","","UMLS:C0085593_chill"
"865","","","UMLS:C0043096_decreased body weight"
"866","","","UMLS:C0038999_swelling"
"867","","","UMLS:C0015967_fever"
"868","","","UMLS:C0034880_hyperacusis"
"869","","","UMLS:C0231890_fremitus"
"870","","","UMLS:C0850149_non-productive cough"
"871","","","UMLS:C0231872_egophony"
"872","","","UMLS:C0332575_redness"
"873","","","UMLS:C0019209_hepatomegaly"
"874","","","UMLS:C0015672_fatigue"
"875","UMLS:C0003507_stenosis
  aortic valve","158","UMLS:C0231807_dyspnea on exertion"
"876","","","UMLS:C0039070_syncope"
"877","","","UMLS:C0235710_chest discomfort"
"878","","","UMLS:C0232257_systolic murmur"
"879","","","UMLS:C0036396_sciatica"
"880","","","UMLS:C0002962_angina pectoris"
"881","","","UMLS:C0008031_pain chest"
"882","","","UMLS:C0577979_frothy sputum"
"883","","","UMLS:C0428977_bradycardia"
"884","","","UMLS:C0392680_shortness of breath"
"885","","","UMLS:C0030193_pain"
"886","UMLS:C0006142_malignant
  neoplasm of breast^UMLS:C0678222_carcinoma breast","152","UMLS:C0024103_mass in breast"
"887","","","UMLS:C0577559_mass of body structure"
"888","","","UMLS:C0030554_paresthesia"
"889","","","UMLS:C0277845_retropulsion"
"890","","","UMLS:C0041834_erythema"
"891","","","UMLS:C1299586_difficulty"
"892","","","UMLS:C0221198_lesion"
"893","","","UMLS:C0239301_estrogen use"
"894","","","UMLS:C0085624_burning sensation"
"895","","","UMLS:C0013404_dyspnea"
"896","","","UMLS:C0038999_swelling"
"897","","","UMLS:C0016579_formication"
"898","UMLS:C0036341_schizophrenia","147","UMLS:C0233762_hallucinations auditory"
"899","","","UMLS:C0751229_hypersomnolence"
"900","","","UMLS:C0022107_irritable mood"
"901","","","UMLS:C0424068_verbal auditory hallucinations"
"902","","","UMLS:C0376405_patient non compliance"
"903","","","UMLS:C0085631_agitation"
"904","","","UMLS:C0438696_suicidal"
"905","","","UMLS:C0233481_worry"
"906","","","UMLS:C0233763_hallucinations visual"
"907","","","UMLS:C0041667_underweight^UMLS:C1319518_underweight"
"908","","","UMLS:C0237154_homelessness"
"909","UMLS:C0012813_diverticulitis","145","UMLS:C0000737_pain abdominal"
"910","","","UMLS:C0549483_abscess bacterial"
"911","","","UMLS:C0541911_dullness"
"912","","","UMLS:C0857199_red blotches"
"913","","","UMLS:C0011991_diarrhea"
"914","","","UMLS:C0234233_sore to touch"
"915","","","UMLS:C0013428_dysuria"
"916","","","UMLS:C0030193_pain"
"917","","","UMLS:C0042963_vomiting"
"918","","","UMLS:C0232201_sinus rhythm"
"919","","","UMLS:C0232488_colic abdominal"
"920","","","UMLS:C0277797_apyrexial"
"921","","","UMLS:C0232498_abdominal tenderness"
"922","","","UMLS:C0015967_fever"
"923","","","UMLS:C1273573_unsteady gait"
"924","","","UMLS:C0205400_thicken"
"925","","","UMLS:C0085606_urgency of micturition"
"926","","","UMLS:C0003123_anorexia"
"927","","","UMLS:C0746619_monoclonal"
"928","","","UMLS:C0009806_constipation"
"929","UMLS:C0546817_overload
  fluid","144","UMLS:C0034642_rale"
"930","","","UMLS:C0240100_jugular venous distention"
"931","","","UMLS:C0020461_hyperkalemia"
"932","","","UMLS:C0085619_orthopnea"
"933","","","UMLS:C0392680_shortness of breath"
"934","","","UMLS:C0013144_drowsiness^UMLS:C0234450_sleepy"
"935","","","UMLS:C0043094_weight gain"
"936","","","UMLS:C0020621_hypokalemia"
"937","","","UMLS:C0020649_hypotension"
"938","","","UMLS:C0038999_swelling"
"939","","","UMLS:C0000731_distended abdomen"
"940","UMLS:C0030920_ulcer
  peptic","143","UMLS:C0000737_pain abdominal"
"941","","","UMLS:C0221166_paraparesis"
"942","","","UMLS:C0027497_nausea"
"943","","","UMLS:C0042963_vomiting"
"944","","","UMLS:C0521516_polymyalgia"
"945","","","UMLS:C0848168_out of breath"
"946","","","UMLS:C0008031_pain chest"
"947","","","UMLS:C0018991_hemiplegia"
"948","","","UMLS:C0232517_gurgle"
"949","","","UMLS:C0020175_hunger"
"950","","","UMLS:C0277797_apyrexial"
"951","","","UMLS:C0027769_nervousness"
"952","UMLS:C0029443_osteomyelitis","142","UMLS:C0030193_pain"
"953","","","UMLS:C0332575_redness"
"954","","","UMLS:C0240813_prostate tender"
"955","","","UMLS:C0015967_fever"
"956","","","UMLS:C0241705_difficulty passing urine"
"957","","","UMLS:C0234233_sore to touch"
"958","","","UMLS:C0038999_swelling"
"959","","","UMLS:C0277797_apyrexial"
"960","","","UMLS:C0041834_erythema"
"961","","","UMLS:C0549483_abscess bacterial"
"962","","","UMLS:C0016512_pain foot"
"963","","","UMLS:C0152032_urinary hesitation"
"964","UMLS:C0017152_gastritis","140","UMLS:C0744740_heme positive"
"965","","","UMLS:C0000737_pain abdominal"
"966","","","UMLS:C0042963_vomiting"
"967","","","UMLS:C0281825_disequilibrium"
"968","","","UMLS:C0027497_nausea"
"969","","","UMLS:C0728899_intoxication"
"970","","","UMLS:C0019080_haemorrhage"
"971","","","UMLS:C0744492_guaiac positive"
"972","","","UMLS:C0030193_pain"
"973","","","UMLS:C0043096_decreased body weight"
"974","","","UMLS:C0234233_sore to touch"
"975","","","UMLS:C0012833_dizziness"
"976","UMLS:C0004610_bacteremia","142","UMLS:C0015967_fever"
"977","","","UMLS:C0085593_chill"
"978","","","UMLS:C0016382_flushing"
"979","","","UMLS:C0241526_unresponsiveness"
"980","","","UMLS:C0085632_indifferent mood"
"981","","","UMLS:C1313921_urinoma"
"982","","","UMLS:C0042963_vomiting"
"983","","","UMLS:C0000731_distended abdomen"
"984","","","UMLS:C0239981_hypoalbuminemia"
"985","","","UMLS:C0241157_pustule"
"986","","","UMLS:C0242453_prostatism"
"987","","","UMLS:C0011991_diarrhea"
"988","","","UMLS:C0232498_abdominal tenderness"
"989","","","UMLS:C0008033_pleuritic pain"
"990","","","UMLS:C0029053_decreased translucency"
"991","","","UMLS:C0030232_pallor"
"992","UMLS:C0035078_failure
  kidney","140","UMLS:C0085619_orthopnea"
"993","","","UMLS:C0028961_oliguria"
"994","","","UMLS:C0232854_slowing of urinary stream"
"995","","","UMLS:C0277794_extreme exhaustion"
"996","","","UMLS:C0241526_unresponsiveness"
"997","","","UMLS:C0020649_hypotension"
"998","","","UMLS:C0014394_enuresis"
"999","","","UMLS:C0392680_shortness of breath"
"1000","","","UMLS:C0019080_haemorrhage"
"1001","","","UMLS:C0242453_prostatism"
"1002","","","UMLS:C0442739_no status change"
"1003","","","UMLS:C0425251_bedridden^UMLS:C0741453_bedridden"
"1004","","","UMLS:C0015672_fatigue"
"1005","UMLS:C0002895_sickle
  cell anemia","140","UMLS:C1135120_breakthrough pain"
"1006","","","UMLS:C0004604_pain back"
"1007","","","UMLS:C0030193_pain"
"1008","","","UMLS:C0392680_shortness of breath"
"1009","","","UMLS:C1260880_snuffle"
"1010","","","UMLS:C0008031_pain chest"
"1011","","","UMLS:C0000737_pain abdominal"
"1012","","","UMLS:C0019214_hepatosplenomegaly"
"1013","","","UMLS:C0457097_green sputum"
"1014","","","UMLS:C0277797_apyrexial"
"1015","","","UMLS:C0018681_headache"
"1016","UMLS:C0018801_failure
  heart","138","UMLS:C0085619_orthopnea"
"1017","","","UMLS:C0015672_fatigue"
"1018","","","UMLS:C0231807_dyspnea on exertion"
"1019","","","UMLS:C0013404_dyspnea"
"1020","","","UMLS:C0392680_shortness of breath"
"1021","","","UMLS:C0232258_pansystolic murmur"
"1022","","","UMLS:C0240100_jugular venous distention"
"1023","","","UMLS:C0694547_systolic ejection murmur"
"1024","","","UMLS:C0020649_hypotension"
"1025","","","UMLS:C0002962_angina pectoris"
"1026","","","UMLS:C0086439_hypokinesia"
"1027","UMLS:C0041912_upper
  respiratory infection","135","UMLS:C0010200_cough"
"1028","","","UMLS:C0242429_throat sore"
"1029","","","UMLS:C0043144_wheezing"
"1030","","","UMLS:C0392680_shortness of breath"
"1031","","","UMLS:C0553668_labored breathing"
"1032","","","UMLS:C0015967_fever"
"1033","","","UMLS:C0848340_stuffy nose"
"1034","","","UMLS:C0850149_non-productive cough"
"1035","","","UMLS:C1260880_snuffle"
"1036","","","UMLS:C0085632_indifferent mood"
"1037","","","UMLS:C0231872_egophony"
"1038","","","UMLS:C0234866_barking cough"
"1039","","","UMLS:C0521516_polymyalgia"
"1040","","","UMLS:C0008033_pleuritic pain"
"1041","","","UMLS:C0028081_night sweat"
"1042","","","UMLS:C0013404_dyspnea"
"1043","","","UMLS:C0239134_productive cough"
"1044","","","UMLS:C0029053_decreased translucency"
"1045","","","UMLS:C0035508_rhonchus"
"1046","","","UMLS:C0425488_rapid shallow breathing"
"1047","","","UMLS:C0277797_apyrexial"
"1048","","","UMLS:C0237304_noisy respiration"
"1049","","","UMLS:C0264273_nasal discharge present"
"1050","","","UMLS:C0743482_emphysematous change"
"1051","","","UMLS:C0871754_frail"
"1052","","","UMLS:C1511606_cystic lesion"
"1053","","","UMLS:C0436331_symptom aggravating factors"
"1054","","","UMLS:C0578150_hemodynamically stable"
"1055","UMLS:C0019158_hepatitis","133","UMLS:C0003962_ascites"
"1056","","","UMLS:C0233308_spontaneous rupture of membranes"
"1057","","","UMLS:C0231835_tachypnea"
"1058","","","UMLS:C0000737_pain abdominal"
"1059","","","UMLS:C0033774_pruritus"
"1060","","","UMLS:C0003123_anorexia"
"1061","","","UMLS:C1096646_transaminitis"
"1062","","","UMLS:C0221151_projectile vomiting"
"1063","","","UMLS:C0085593_chill"
"1064","","","UMLS:C0476273_distress respiratory"
"1065","","","UMLS:C0015967_fever"
"1066","","","UMLS:C0042963_vomiting"
"1067","UMLS:C0020542_hypertension
  pulmonary","128","UMLS:C0392680_shortness of breath"
"1068","","","UMLS:C0271276_Stahli's line"
"1069","","","UMLS:C0581911_heavy legs"
"1070","","","UMLS:C0238844_breath sounds decreased"
"1071","","","UMLS:C0151315_neck stiffness"
"1072","","","UMLS:C0231807_dyspnea on exertion"
"1073","","","UMLS:C0010520_cyanosis"
"1074","","","UMLS:C0020649_hypotension"
"1075","","","UMLS:C0238705_left atrial hypertrophy"
"1076","UMLS:C0011168_deglutition
  disorder","126","UMLS:C0030554_paresthesia"
"1077","","","UMLS:C0231690_titubation"
"1078","","","UMLS:C0013362_dysarthria"
"1079","","","UMLS:C0221150_painful swallowing"
"1080","","","UMLS:C0019825_hoarseness"
"1081","","","UMLS:C0038450_stridor"
"1082","","","UMLS:C0037763_spasm"
"1083","","","UMLS:C0004093_asthenia"
"1084","","","UMLS:C0234979_dysdiadochokinesia"
"1085","","","UMLS:C0004134_ataxia"
"1086","","","UMLS:C1321756_achalasia"
"1087","","","UMLS:C0043096_decreased body weight"
"1088","","","UMLS:C0427008_stiffness"
"1089","","","UMLS:C0221198_lesion"
"1090","","","UMLS:C0748706_side pain"
"1091","UMLS:C0018099_gout","124","UMLS:C0600142_hot flush"
"1092","","","UMLS:C0030193_pain"
"1093","","","UMLS:C0332575_redness"
"1094","","","UMLS:C0038999_swelling"
"1095","","","UMLS:C0041834_erythema"
"1096","","","UMLS:C0743482_emphysematous change"
"1097","","","UMLS:C0234233_sore to touch"
"1098","","","UMLS:C0086439_hypokinesia"
"1099","","","UMLS:C0003962_ascites"
"1100","","","UMLS:C0376405_patient non compliance"
"1101","UMLS:C0040034_thrombocytopaenia","123","UMLS:C0013491_ecchymosis"
"1102","","","UMLS:C0085702_monocytosis"
"1103","","","UMLS:C0032781_posterior rhinorrhea"
"1104","","","UMLS:C0019080_haemorrhage"
"1105","","","UMLS:C0231835_tachypnea"
"1106","","","UMLS:C0015967_fever"
"1107","","","UMLS:C0033774_pruritus"
"1108","","","UMLS:C0020649_hypotension"
"1109","","","UMLS:C0015672_fatigue"
"1110","UMLS:C0020615_hypoglycemia","122","UMLS:C0241526_unresponsiveness"
"1111","","","UMLS:C0020672_hypothermia, natural"
"1112","","","UMLS:C0542044_incoherent"
"1113","","","UMLS:C0151878_qt interval prolonged"
"1114","","","UMLS:C0311395_lameness^UMLS:C1456822_claudication"
"1115","","","UMLS:C0041657_unconscious state"
"1116","","","UMLS:C0392162_clammy skin"
"1117","","","UMLS:C0032617_polyuria"
"1118","","","UMLS:C0476273_distress respiratory"
"1119","","","UMLS:C0020649_hypotension"
"1120","UMLS:C0032290_pneumonia
  aspiration","119","UMLS:C0264576_mediastinal shift"
"1121","","","UMLS:C0015967_fever"
"1122","","","UMLS:C0009024_clonus"
"1123","","","UMLS:C0856054_mental status changes"
"1124","","","UMLS:C0029053_decreased translucency"
"1125","","","UMLS:C0241526_unresponsiveness"
"1126","","","UMLS:C0277794_extreme exhaustion"
"1127","","","UMLS:C0085628_stupor"
"1128","","","UMLS:C0036572_seizure"
"1129","","","UMLS:C1096646_transaminitis"
"1130","","","UMLS:C0018991_hemiplegia"
"1131","","","UMLS:C0010200_cough"
"1132","","","UMLS:C0232517_gurgle"
"1133","","","UMLS:C0030193_pain"
"1134","","","UMLS:C0011991_diarrhea"
"1135","","","UMLS:C0000737_pain abdominal"
"1136","UMLS:C0009319_colitis","114","UMLS:C0015967_fever"
"1137","","","UMLS:C0205400_thicken"
"1138","","","UMLS:C0457097_green sputum"
"1139","","","UMLS:C0042963_vomiting"
"1140","","","UMLS:C0027498_nausea and vomiting"
"1141","","","UMLS:C0541798_awakening early"
"1142","","","UMLS:C0030193_pain"
"1143","","","UMLS:C0027497_nausea"
"1144","","","UMLS:C0085593_chill"
"1145","","","UMLS:C0232726_tenesmus"
"1146","","","UMLS:C0150045_urge incontinence"
"1147","","","UMLS:C0000737_pain abdominal"
"1148","","","UMLS:C0578150_hemodynamically stable"
"1149","UMLS:C1510475_diverticulosis","114","UMLS:C1167754_fecaluria"
"1150","","","UMLS:C0009806_constipation"
"1151","","","UMLS:C0549483_abscess bacterial"
"1152","","","UMLS:C0744740_heme positive"
"1153","","","UMLS:C0220870_lightheadedness"
"1154","","","UMLS:C0011991_diarrhea"
"1155","","","UMLS:C0019080_haemorrhage"
"1156","","","UMLS:C0030193_pain"
"1157","","","UMLS:C0221151_projectile vomiting"
"1158","","","UMLS:C0232894_pneumatouria"
"1159","","","UMLS:C1511606_cystic lesion"
"1160","","","UMLS:C0003123_anorexia"
"1161","","","UMLS:C0027497_nausea"
"1162","","","UMLS:C0424000_feeling suicidal"
"1163","","","UMLS:C0150041_feeling hopeless"
"1164","UMLS:C0038663_suicide
  attempt","114","UMLS:C0233762_hallucinations auditory"
"1165","","","UMLS:C0917801_sleeplessness"
"1166","","","UMLS:C0438696_suicidal"
"1167","","","UMLS:C0424230_motor retardation"
"1168","","","UMLS:C0424109_weepiness"
"1169","","","UMLS:C0235198_unable to concentrate"
"1170","","","UMLS:C0234544_todd paralysis"
"1171","","","UMLS:C0233481_worry"
"1172","","","UMLS:C0015672_fatigue"
"1173","","","UMLS:C0040822_tremor"
"1174","","","UMLS:C0740880_alcoholic withdrawal symptoms"
"1175","","","UMLS:C0085631_agitation"
"1176","","","UMLS:C0241526_unresponsiveness"
"1177","","","UMLS:C0312422_blackout"
"1178","","","UMLS:C0424092_withdraw"
"1179","","","UMLS:C1299586_difficulty"
"1180","","","UMLS:C0022107_irritable mood"
"1181","","","UMLS:C0234215_sensory discomfort"
"1182","","","UMLS:C0013144_drowsiness"
"1183","","","UMLS:C0016579_formication"
"1184","","","UMLS:C0041657_unconscious state"
"1185","","","UMLS:C0015967_fever"
"1186","","","UMLS:C0010200_cough"
"1187","UMLS:C0032305_Pneumocystis
  carinii pneumonia","113","UMLS:C0457096_yellow sputum"
"1188","","","UMLS:C0006625_cachexia"
"1189","","","UMLS:C0085593_chill"
"1190","","","UMLS:C0043096_decreased body weight"
"1191","","","UMLS:C0239134_productive cough"
"1192","","","UMLS:C0231528_myalgia"
"1193","","","UMLS:C0011991_diarrhea"
"1194","","","UMLS:C0151315_neck stiffness"
"1195","","","UMLS:C0239133_hacking cough"
"1196","","","UMLS:C1384606_dyspareunia"
"1197","","","UMLS:C0020621_hypokalemia"
"1198","","","UMLS:C0231807_dyspnea on exertion"
"1199","","","UMLS:C0149758_poor dentition"
"1200","","","UMLS:C1096646_transaminitis"
"1201","","","UMLS:C0850149_non-productive cough"
"1202","","","UMLS:C0018681_headache"
"1203","","","UMLS:C0857516_floppy"
"1204","","","UMLS:C0233308_spontaneous rupture of membranes"
"1205","UMLS:C0019163_hepatitis
  B","111","UMLS:C0233467_inappropriate affect"
"1206","","","UMLS:C0231835_tachypnea"
"1207","","","UMLS:C0457096_yellow sputum"
"1208","","","UMLS:C0221151_projectile vomiting"
"1209","","","UMLS:C0576456_poor feeding"
"1210","","","UMLS:C0000737_pain abdominal"
"1211","","","UMLS:C0232498_abdominal tenderness"
"1212","","","UMLS:C0558195_wheelchair bound"
"1213","","","UMLS:C0859032_moan"
"1214","UMLS:C0030567_parkinson
  disease","108","UMLS:C1321756_achalasia"
"1215","","","UMLS:C0085639_fall"
"1216","","","UMLS:C0427008_stiffness"
"1217","","","UMLS:C0424092_withdraw"
"1218","","","UMLS:C0085631_agitation"
"1219","","","UMLS:C0018991_hemiplegia"
"1220","","","UMLS:C1299586_difficulty"
"1221","","","UMLS:C0241526_unresponsiveness"
"1222","","","UMLS:C0039070_syncope"
"1223","","","UMLS:C0427055_facial paresis"
"1224","","","UMLS:C0149746_orthostasis"
"1225","","","UMLS:C0233481_worry"
"1226","","","UMLS:C0013144_drowsiness^UMLS:C0234450_sleepy"
"1227","","","UMLS:C0018965_hematuria"
"1228","","","UMLS:C0040822_tremor"
"1229","","","UMLS:C0028081_night sweat"
"1230","","","UMLS:C0577559_mass of body structure"
"1231","UMLS:C0024299_lymphoma","105","UMLS:C0221198_lesion"
"1232","","","UMLS:C0015967_fever"
"1233","","","UMLS:C0221232_welt"
"1234","","","UMLS:C1096646_transaminitis"
"1235","","","UMLS:C0043096_decreased body weight"
"1236","","","UMLS:C0004134_ataxia"
"1237","","","UMLS:C0040264_tinnitus"
"1238","","","UMLS:C0020303_hydropneumothorax"
"1239","","","UMLS:C0429562_superimposition"
"1240","","","UMLS:C0019079_haemoptysis"
"1241","","","UMLS:C0015672_fatigue^UMLS:C0557875_tired"
"1242","","","UMLS:C0085602_polydypsia"
"1243","","","UMLS:C0241705_difficulty passing urine"
"1244","UMLS:C0020456_hyperglycemia","104","UMLS:C0234233_sore to touch"
"1245","","","UMLS:C0033774_pruritus"
"1246","","","UMLS:C0235129_feeling strange"
"1247","","","UMLS:C0241157_pustule"
"1248","","","UMLS:C0332601_cushingoid facies^UMLS:C0878661_cushingoid habitus"
"1249","","","UMLS:C0043096_decreased body weight"
"1250","","","UMLS:C0344315_mood depressed"
"1251","","","UMLS:C0239301_estrogen use"
"1252","","","UMLS:C0043144_wheezing"
"1253","","","UMLS:C0003962_ascites"
"1254","","","UMLS:C0036572_seizure"
"1255","UMLS:C0085584_encephalopathy","103","UMLS:C0242143_uncoordination"
"1256","","","UMLS:C0232766_asterixis"
"1257","","","UMLS:C0019080_haemorrhage"
"1258","","","UMLS:C0013144_drowsiness^UMLS:C0234450_sleepy"
"1259","","","UMLS:C0424530_absences finding"
"1260","","","UMLS:C0872410_posturing"
"1261","","","UMLS:C0236018_aura"
"1262","","","UMLS:C0270844_tonic seizures"
"1263","","","UMLS:C0742985_debilitation"
"1264","","","UMLS:C0239110_consciousness clear"
"1265","","","UMLS:C0241526_unresponsiveness"
"1266","","","UMLS:C0205400_thicken"
"1267","","","UMLS:C0086439_hypokinesia"
"1268","UMLS:C0040961_tricuspid
  valve insufficiency","101","UMLS:C0392680_shortness of breath"
"1269","","","UMLS:C0030193_pain"
"1270","","","UMLS:C0042963_vomiting"
"1271","","","UMLS:C0027497_nausea"
"1272","","","UMLS:C0428977_bradycardia"
"1273","","","UMLS:C0000737_pain abdominal"
"1274","","","UMLS:C0015967_fever"
"1275","","","UMLS:C0008767_cicatrisation"
"1276","","","UMLS:C0264576_mediastinal shift"
"1277","","","UMLS:C0338656_impaired cognition"
"1278","UMLS:C0002395_Alzheimer's
  disease","101","UMLS:C0013132_drool"
"1279","","","UMLS:C0085631_agitation"
"1280","","","UMLS:C0028084_nightmare"
"1281","","","UMLS:C0035508_rhonchus"
"1282","","","UMLS:C0239110_consciousness clear"
"1283","","","UMLS:C0235231_pin-point pupils"
"1284","","","UMLS:C0425251_bedridden^UMLS:C0741453_bedridden"
"1285","","","UMLS:C0871754_frail"
"1286","","","UMLS:C0234379_tremor resting"
"1287","","","UMLS:C0020461_hyperkalemia"
"1288","","","UMLS:C0427055_facial paresis"
"1289","","","UMLS:C0541992_groggy"
"1290","","","UMLS:C0231530_muscle twitch"
"1291","","","UMLS:C0558195_wheelchair bound"
"1292","","","UMLS:C0040822_tremor"
"1293","","","UMLS:C0010200_cough"
"1294","","","UMLS:C0015967_fever"
"1295","UMLS:C0006840_candidiasis^UMLS:C0006849_oral
  candidiasis","99","UMLS:C0011991_diarrhea"
"1296","","","UMLS:C0242429_throat sore"
"1297","","","UMLS:C0043096_decreased body weight"
"1298","","","UMLS:C0085593_chill"
"1299","","","UMLS:C0018681_headache"
"1300","","","UMLS:C0232498_abdominal tenderness"
"1301","","","UMLS:C0376405_patient non compliance"
"1302","","","UMLS:C0085636_photophobia"
"1303","","","UMLS:C0028081_night sweat"
"1304","","","UMLS:C0221150_painful swallowing"
"1305","","","UMLS:C0149758_poor dentition"
"1306","","","UMLS:C1096646_transaminitis"
"1307","","","UMLS:C0850149_non-productive cough"
"1308","","","UMLS:C0559546_adverse reaction^UMLS:C0879626_adverse effect"
"1309","","","UMLS:C1291077_abdominal bloating"
"1310","UMLS:C0442874_neuropathy","99","UMLS:C0004093_asthenia"
"1311","","","UMLS:C0028643_numbness"
"1312","","","UMLS:C0027498_nausea and vomiting"
"1313","","","UMLS:C0541798_awakening early"
"1314","","","UMLS:C0020303_hydropneumothorax"
"1315","","","UMLS:C0429562_superimposition"
"1316","","","UMLS:C0231230_fatigability"
"1317","","","UMLS:C0232726_tenesmus"
"1318","","","UMLS:C0030193_pain"
"1319","","","UMLS:C0232854_slowing of urinary stream"
"1320","UMLS:C0022658_kidney
  disease","96","UMLS:C0392680_shortness of breath"
"1321","","","UMLS:C0020461_hyperkalemia"
"1322","","","UMLS:C0008031_pain chest"
"1323","","","UMLS:C0015967_fever"
"1324","","","UMLS:C0232995_gravida 0"
"1325","","","UMLS:C0151706_bleeding of vagina"
"1326","UMLS:C0023267_fibroid
  tumor","96","UMLS:C0233071_para 2"
"1327","","","UMLS:C0019080_haemorrhage"
"1328","","","UMLS:C0156543_abortion"
"1329","","","UMLS:C0232943_intermenstrual heavy bleeding"
"1330","","","UMLS:C0026827_muscle hypotonia^UMLS:C0241938_hypotonic"
"1331","","","UMLS:C0232997_previous pregnancies 2"
"1332","","","UMLS:C0392680_shortness of breath"
"1333","","","UMLS:C0015967_fever"
"1334","","","UMLS:C0018834_heartburn"
"1335","","","UMLS:C0860096_primigravida"
"1336","","","UMLS:C0702118_abnormally
  hard consistency"
"1337","","","UMLS:C1405524_proteinemia"
"1338","UMLS:C0017601_glaucoma","95","UMLS:C0085639_fall"
"1339","","","UMLS:C0000731_distended
  abdomen"
"1340","","","UMLS:C1273573_unsteady
  gait"
"1341","","","UMLS:C0030554_paresthesia"
"1342","","","UMLS:C0020625_hyponatremia"
"1343","","","UMLS:C0085631_agitation"
"1344","","","UMLS:C0041657_unconscious
  state"
"1345","","","UMLS:C0085624_burning
  sensation"
"1346","","","UMLS:C0221198_lesion"
"1347","","","UMLS:C0577559_mass of body structure"
"1348","UMLS:C0027627_neoplasm
  metastasis","94","UMLS:C0205400_thicken"
"1349","","","UMLS:C1269955_tumor cell invasion"
"1350","","","UMLS:C1513183_metastatic lesion"
"1351","","","UMLS:C0007859_pain neck"
"1352","","","UMLS:C0034079_lung nodule"
"1353","","","UMLS:C0030193_pain"
"1354","","","UMLS:C0000737_pain abdominal"
"1355","","","UMLS:C0149696_food intolerance"
"1356","","","UMLS:C0577559_mass of body structure"
"1357","","","UMLS:C0741302_atypia"
"1358","UMLS:C0007102_malignant
  tumor of colon^UMLS:C0699790_carcinoma colon","94","UMLS:C0221198_lesion"
"1359","","","UMLS:C0242453_prostatism"
"1360","","","UMLS:C0009806_constipation"
"1361","","","UMLS:C0858924_general discomfort"
"1362","","","UMLS:C0011991_diarrhea"
"1363","","","UMLS:C0000737_pain abdominal"
"1364","","","UMLS:C0152032_urinary hesitation"
"1365","","","UMLS:C0857087_dizzy spells"
"1366","","","UMLS:C0278146_shooting pain"
"1367","","","UMLS:C0428977_bradycardia"
"1368","","","UMLS:C0042963_vomiting"
"1369","","","UMLS:C0694547_systolic ejection murmur"
"1370","","","UMLS:C0027497_nausea"
"1371","","","UMLS:C0235250_hyperemesis"
"1372","","","UMLS:C0085602_polydypsia"
"1373","UMLS:C0011880_ketoacidosis
  diabetic","93","UMLS:C0032617_polyuria"
"1374","","","UMLS:C0042963_vomiting"
"1375","","","UMLS:C0027497_nausea"
"1376","","","UMLS:C0000737_pain abdominal"
"1377","","","UMLS:C0443260_milky"
"1378","","","UMLS:C0235129_feeling strange"
"1379","","","UMLS:C0232517_gurgle"
"1380","","","UMLS:C0027769_nervousness"
"1381","","","UMLS:C0232498_abdominal tenderness"
"1382","","","UMLS:C0232605_regurgitates after swallowing"
"1383","","","UMLS:C0344232_vision blurred"
"1384","","","UMLS:C0152032_urinary hesitation"
"1385","","","UMLS:C0011991_diarrhea"
"1386","","","UMLS:C0036572_seizure"
"1387","","","UMLS:C0236018_aura"
"1388","UMLS:C0014549_tonic-clonic
  epilepsy^UMLS:C0494475_tonic-clonic seizures","92","UMLS:C0013144_drowsiness"
"1389","","","UMLS:C0542073_lip smacking"
"1390","","","UMLS:C0027066_myoclonus"
"1391","","","UMLS:C0040822_tremor"
"1392","","","UMLS:C0751466_phonophobia"
"1393","","","UMLS:C0522336_rolling of eyes"
"1394","","","UMLS:C0234450_sleepy"
"1395","","","UMLS:C0019572_hirsutism"
"1396","","","UMLS:C0554980_moody"
"1397","","","UMLS:C0231530_muscle twitch"
"1398","","","UMLS:C0241526_unresponsiveness"
"1399","","","UMLS:C0018681_headache"
"1400","","","UMLS:C0002416_ambidexterity"
"1401","","","UMLS:C0424530_absences finding"
"1402","","","UMLS:C0037763_spasm"
"1403","","","UMLS:C0043096_decreased body weight"
"1404","","","UMLS:C1269955_tumor cell invasion"
"1405","UMLS:C0006826_malignant
  neoplasms","90","UMLS:C0232118_pulsus paradoxus"
"1406","","","UMLS:C1291692_gravida 10"
"1407","","","UMLS:C0577559_mass of body structure"
"1408","","","UMLS:C0221198_lesion"
"1409","","","UMLS:C0018834_heartburn"
"1410","","","UMLS:C0028081_night sweat"
"1411","","","UMLS:C0205400_thicken"
"1412","","","UMLS:C0085593_chill"
"1413","","","UMLS:C0029053_decreased translucency"
"1414","","","UMLS:C0000737_pain abdominal"
"1415","","","UMLS:C0541911_dullness"
"1416","","","UMLS:C0149696_food intolerance"
"1417","","","UMLS:C0476273_distress respiratory"
"1418","","","UMLS:C0020649_hypotension"
"1419","UMLS:C1145670_respiratory
  failure","90","UMLS:C0018991_hemiplegia"
"1420","","","UMLS:C0037384_snore"
"1421","","","UMLS:C0241526_unresponsiveness"
"1422","","","UMLS:C0239134_productive cough"
"1423","","","UMLS:C0013404_dyspnea"
"1424","","","UMLS:C0231835_tachypnea"
"1425","","","UMLS:C0020461_hyperkalemia"
"1426","","","UMLS:C0086439_hypokinesia"
"1427","","","UMLS:C0232201_sinus rhythm"
"1428","","","UMLS:C0427108_general unsteadiness"
"1429","","","UMLS:C0006318_bruit"
"1430","","","UMLS:C0239110_consciousness clear"
"1431","","","UMLS:C0392680_shortness of breath"
"1432","","","UMLS:C0221198_lesion"
"1433","","","UMLS:C0332575_redness"
"1434","UMLS:C0025202_melanoma","87","UMLS:C0577559_mass of body structure"
"1435","","","UMLS:C0221166_paraparesis"
"1436","","","UMLS:C0015967_fever"
"1437","","","UMLS:C0232995_gravida 0"
"1438","","","UMLS:C0030193_pain"
"1439","","","UMLS:C0033774_pruritus"
"1440","","","UMLS:C0024103_mass in breast"
"1441","","","UMLS:C0042963_vomiting"
"1442","","","UMLS:C0011991_diarrhea"
"1443","UMLS:C0017160_gastroenteritis","87","UMLS:C0000737_pain abdominal"
"1444","","","UMLS:C0476287_breath-holding spell"
"1445","","","UMLS:C0027497_nausea"
"1446","","","UMLS:C0043096_decreased body weight"
"1447","","","UMLS:C0234233_sore to touch"
"1448","","","UMLS:C0240962_scleral icterus"
"1449","","","UMLS:C0015967_fever"
"1450","","","UMLS:C0231528_myalgia"
"1451","","","UMLS:C0020625_hyponatremia"
"1452","","","UMLS:C0232602_retch"
"1453","","","UMLS:C0577559_mass of body structure"
"1454","","","UMLS:C0043096_decreased body weight"
"1455","UMLS:C0242379_malignant
  neoplasm of lung^UMLS:C0684249_carcinoma of lung","86","UMLS:C0221198_lesion"
"1456","","","UMLS:C0010200_cough"
"1457","","","UMLS:C0034079_lung nodule"
"1458","","","UMLS:C0392680_shortness of breath"
"1459","","","UMLS:C0019079_haemoptysis"
"1460","","","UMLS:C0742985_debilitation"
"1461","","","UMLS:C0232517_gurgle"
"1462","","","UMLS:C0234238_ache"
"1463","","","UMLS:C0034642_rale"
"1464","","","UMLS:C0028081_night sweat"
"1465","","","UMLS:C0029053_decreased translucency"
"1466","","","UMLS:C0004093_asthenia"
"1467","","","UMLS:C1513183_metastatic lesion"
"1468","","","UMLS:C0085631_agitation"
"1469","","","UMLS:C0022107_irritable mood"
"1470","UMLS:C0024713_manic
  disorder","85","UMLS:C0455769_energy increased"
"1471","","","UMLS:C0438696_suicidal"
"1472","","","UMLS:C0917799_hypersomnia"
"1473","","","UMLS:C0424000_feeling suicidal"
"1474","","","UMLS:C0948786_blanch"
"1475","","","UMLS:C0233762_hallucinations auditory"
"1476","","","UMLS:C0233763_hallucinations visual"
"1477","","","UMLS:C0233492_elation"
"1478","","","UMLS:C0424068_verbal auditory hallucinations"
"1479","","","UMLS:C0150041_feeling hopeless"
"1480","","","UMLS:C1299586_difficulty"
"1481","","","UMLS:C0231187_decompensation"
"1482","","","UMLS:C0558089_verbally abusive behavior"
"1483","","","UMLS:C0438696_suicidal"
"1484","","","UMLS:C0424000_feeling suicidal"
"1485","UMLS:C0031212_personality
  disorder","84","UMLS:C0028084_nightmare"
"1486","","","UMLS:C0150041_feeling hopeless"
"1487","","","UMLS:C0558141_transsexual"
"1488","","","UMLS:C0233762_hallucinations auditory"
"1489","","","UMLS:C0022107_irritable mood"
"1490","","","UMLS:C0917801_sleeplessness"
"1491","","","UMLS:C0085631_agitation"
"1492","","","UMLS:C0424109_weepiness"
"1493","","","UMLS:C0344315_mood depressed"
"1494","","","UMLS:C1384489_scratch marks"
"1495","","","UMLS:C0027498_nausea and vomiting"
"1496","","","UMLS:C0277794_extreme exhaustion"
"1497","","","UMLS:C0748706_side pain"
"1498","","","UMLS:C0233481_worry"
"1499","","","UMLS:C0014394_enuresis"
"1500","","","UMLS:C0237154_homelessness"
"1501","","","UMLS:C0027769_nervousness"
"1502","","","UMLS:C0003962_ascites"
"1503","","","UMLS:C0033774_pruritus"
"1504","UMLS:C0019204_primary
  carcinoma of the liver cells","82","UMLS:C0577559_mass of body structure"
"1505","","","UMLS:C0038002_splenomegaly"
"1506","","","UMLS:C0221198_lesion"
"1507","","","UMLS:C0030552_paresis"
"1508","","","UMLS:C1269955_tumor cell invasion"
"1509","","","UMLS:C0848277_room spinning"
"1510","","","UMLS:C0019080_haemorrhage"
"1511","","","UMLS:C0205400_thicken"
"1512","","","UMLS:C0085632_indifferent mood"
"1513","","","UMLS:C0006625_cachexia"
"1514","","","UMLS:C0020672_hypothermia, natural"
"1515","","","UMLS:C0000737_pain abdominal"
"1516","","","UMLS:C0019209_hepatomegaly"
"1517","","","UMLS:C0744727_hematocrit decreased"
"1518","","","UMLS:C0085628_stupor"
"1519","","","UMLS:C0043096_decreased body weight"
"1520","","","UMLS:C0392680_shortness of breath"
"1521","","","UMLS:C0010200_cough"
"1522","UMLS:C0034067_emphysema
  pulmonary","80","UMLS:C0474395_behavior showing increased motor activity"
"1523","","","UMLS:C0241158_scar tissue"
"1524","","","UMLS:C0231807_dyspnea on exertion"
"1525","","","UMLS:C0520966_coordination abnormal"
"1526","","","UMLS:C0231528_myalgia"
"1527","","","UMLS:C0020440_hypercapnia"
"1528","","","UMLS:C0392162_clammy skin"
"1529","","","UMLS:C0557075_has religious belief"
"1530","","","UMLS:C0848277_room spinning"
"1531","","","UMLS:C0859032_moan"
"1532","","","UMLS:C0028081_night sweat"
"1533","","","UMLS:C0006625_cachexia"
"1534","","","UMLS:C0436331_symptom aggravating factors"
"1535","","","UMLS:C0013404_dyspnea"
"1536","","","UMLS:C0034642_rale"
"1537","","","UMLS:C0016382_flushing"
"1538","","","UMLS:C0221150_painful swallowing"
"1539","","","UMLS:C0003862_arthralgia"
"1540","","","UMLS:C0008301_choke"
"1541","","","UMLS:C0232726_tenesmus"
"1542","","","UMLS:C0009806_constipation"
"1543","UMLS:C0019112_hemorrhoids","80","UMLS:C0019080_haemorrhage"
"1544","","","UMLS:C0232695_bowel sounds decreased"
"1545","","","UMLS:C0278014_decreased stool caliber"
"1546","","","UMLS:C0027498_nausea and vomiting"
"1547","","","UMLS:C0020175_hunger"
"1548","","","UMLS:C0011991_diarrhea"
"1549","","","UMLS:C0012833_dizziness"
"1550","","","UMLS:C0020625_hyponatremia"
"1551","","","UMLS:C0009024_clonus"
"1552","","","UMLS:C0030193_pain"
"1553","","","UMLS:C1321756_achalasia"
"1554","","","UMLS:C0085624_burning sensation"
"1555","","","UMLS:C0744492_guaiac positive"
"1556","","","UMLS:C0239832_numbness of hand"
"1557","","","UMLS:C0043144_wheezing"
"1558","","","UMLS:C0010200_cough"
"1559","UMLS:C0006266_spasm
  bronchial","76","UMLS:C0392680_shortness of breath"
"1560","","","UMLS:C0241158_scar tissue"
"1561","","","UMLS:C0277797_apyrexial"
"1562","","","UMLS:C0262581_no known drug allergies"
"1563","","","UMLS:C0030193_pain"
"1564","","","UMLS:C0239134_productive cough"
"1565","","","UMLS:C0242429_throat sore"
"1566","","","UMLS:C0013404_dyspnea"
"1567","","","UMLS:C0232292_chest tightness"
"1568","","","UMLS:C0700292_hypoxemia"
"1569","","","UMLS:C0231835_tachypnea"
"1570","","","UMLS:C0234215_sensory discomfort"
"1571","","","UMLS:C0015967_fever"
"1572","","","UMLS:C0042963_vomiting"
"1573","","","UMLS:C0035508_rhonchus"
"1574","","","UMLS:C0018991_hemiplegia"
"1575","","","UMLS:C0231890_fremitus"
"1576","UMLS:C0003537_aphasia","76","UMLS:C0009024_clonus"
"1577","","","UMLS:C0231872_egophony"
"1578","","","UMLS:C0427055_facial paresis"
"1579","","","UMLS:C0221470_aphagia"
"1580","","","UMLS:C0231530_muscle twitch"
"1581","","","UMLS:C0522224_paralyse"
"1582","","","UMLS:C0024031_low back pain"
"1583","","","UMLS:C0277823_charleyhorse"
"1584","UMLS:C0028756_obesity
  morbid","76","UMLS:C0848168_out of breath"
"1585","","","UMLS:C0205254_sedentary"
"1586","","","UMLS:C0002962_angina pectoris"
"1587","","","UMLS:C0010200_cough"
"1588","","","UMLS:C0847488_unhappy"
"1589","","","UMLS:C0553668_labored breathing"
"1590","","","UMLS:C0020672_hypothermia, natural"
"1591","","","UMLS:C0013404_dyspnea"
"1592","","","UMLS:C0744727_hematocrit decreased"
"1593","","","UMLS:C0043144_wheezing"
"1594","","","UMLS:C0700292_hypoxemia"
"1595","","","UMLS:C0235634_renal angle tenderness"
"1596","","","UMLS:C0424749_feels hot/feverish"
"1597","UMLS:C0034186_pyelonephritis","74","UMLS:C0015967_fever"
"1598","","","UMLS:C0030193_pain"
"1599","","","UMLS:C0085606_urgency of micturition"
"1600","","","UMLS:C0018965_hematuria"
"1601","","","UMLS:C0042963_vomiting"
"1602","","","UMLS:C0085593_chill"
"1603","","","UMLS:C0011991_diarrhea"
"1604","","","UMLS:C0027497_nausea"
"1605","","","UMLS:C0000737_pain abdominal"
"1606","","","UMLS:C0231528_myalgia"
"1607","","","UMLS:C0015967_fever"
"1608","","","UMLS:C0085593_chill"
"1609","UMLS:C0014118_endocarditis","71","UMLS:C0008033_pleuritic pain"
"1610","","","UMLS:C0205400_thicken"
"1611","","","UMLS:C0231528_myalgia"
"1612","","","UMLS:C0277797_apyrexial"
"1613","","","UMLS:C0028081_night sweat"
"1614","","","UMLS:C1517205_flare"
"1615","","","UMLS:C0392680_shortness of breath"
"1616","","","UMLS:C0085619_orthopnea"
"1617","","","UMLS:C0549483_abscess bacterial"
"1618","","","UMLS:C0020649_hypotension"
"1619","","","UMLS:C0010200_cough"
"1620","","","UMLS:C1513183_metastatic lesion"
"1621","","","UMLS:C0238844_breath sounds decreased"
"1622","","","UMLS:C0043096_decreased body weight"
"1623","","",""
"1624","","","UMLS:C0232118_pulsus paradoxus"
"1625","","","UMLS:C0086439_hypokinesia"
"1626","UMLS:C0031039_effusion
  pericardial^UMLS:C1253937_pericardial effusion body substance","71","UMLS:C0232267_pericardial friction rub"
"1627","","","UMLS:C0013404_dyspnea"
"1628","","","UMLS:C0392680_shortness of breath"
"1629","","","UMLS:C0578150_hemodynamically stable"
"1630","","","UMLS:C0018800_cardiomegaly"
"1631","","","UMLS:C0020649_hypotension"
"1632","","","UMLS:C0241235_sputum purulent"
"1633","","","UMLS:C0427055_facial paresis"
"1634","","","UMLS:C0030193_pain"
"1635","","","UMLS:C0028961_oliguria"
"1636","","","UMLS:C0312422_blackout"
"1637","","","UMLS:C0728899_intoxication"
"1638","UMLS:C0001973_chronic
  alcoholic intoxication","70","UMLS:C0040822_tremor"
"1639","","","UMLS:C0233762_hallucinations auditory"
"1640","","","UMLS:C0438696_suicidal"
"1641","","","UMLS:C0424337_hoard"
"1642","","","UMLS:C0022107_irritable mood"
"1643","","","UMLS:C0150041_feeling hopeless"
"1644","","","UMLS:C0424000_feeling suicidal"
"1645","","","UMLS:C0233647_neologism"
"1646","","","UMLS:C0036572_seizure"
"1647","","","UMLS:C0237154_homelessness"
"1648","","","UMLS:C0917801_sleeplessness"
"1649","","","UMLS:C0041657_unconscious state"
"1650","","","UMLS:C0030318_panic"
"1651","","","UMLS:C0238844_breath sounds decreased"
"1652","","","UMLS:C0392680_shortness of breath"
"1653","UMLS:C0032326_pneumothorax","68","UMLS:C0013404_dyspnea"
"1654","","","UMLS:C0425560_cardiovascular
  finding^UMLS:C1320716_cardiovascular event"
"1655","","","UMLS:C0019079_haemoptysis"
"1656","","","UMLS:C0010200_cough"
"1657","","","UMLS:C0020440_hypercapnia"
"1658","","","UMLS:C0037580_soft tissue swelling"
"1659","","","UMLS:C0242453_prostatism"
"1660","","","UMLS:C0085631_agitation"
"1661","UMLS:C0011206_delirium","68","UMLS:C1273573_unsteady gait"
"1662","","","UMLS:C0424092_withdraw"
"1663","","","UMLS:C0020625_hyponatremia"
"1664","","","UMLS:C0558089_verbally abusive behavior"
"1665","","","UMLS:C0424000_feeling suicidal"
"1666","","","UMLS:C0241526_unresponsiveness"
"1667","","","UMLS:C0233481_worry"
"1668","","","UMLS:C0013144_drowsiness^UMLS:C0234450_sleepy"
"1669","","","UMLS:C0233762_hallucinations auditory"
"1670","","","UMLS:C0438696_suicidal"
"1671","","","UMLS:C0015967_fever"
"1672","","","UMLS:C0011991_diarrhea"
"1673","UMLS:C0027947_neutropenia","68","UMLS:C1096646_transaminitis"
"1674","","","UMLS:C0038002_splenomegaly"
"1675","","","UMLS:C0028081_night sweat"
"1676","","","UMLS:C0277797_apyrexial"
"1677","","","UMLS:C0221198_lesion"
"1678","","","UMLS:C1260880_snuffle"
"1679","","","UMLS:C0085593_chill"
"1680","","","UMLS:C0010200_cough"
"1681","","","UMLS:C0746619_monoclonal"
"1682","","","UMLS:C0020598_hypocalcemia result"
"1683","","","UMLS:C0028961_oliguria"
"1684","","","UMLS:C0427629_rhd positive"
"1685","","","UMLS:C0476273_distress respiratory"
"1686","UMLS:C0020433_hyperbilirubinemia","68","UMLS:C0010520_cyanosis"
"1687","","","UMLS:C0231835_tachypnea"
"1688","","","UMLS:C0233070_para 1"
"1689","","","UMLS:C0428977_bradycardia"
"1690","","","UMLS:C0006157_breech presentation"
"1691","","","UMLS:C0332601_cushingoid facies^UMLS:C0878661_cushingoid habitus"
"1692","","","UMLS:C0010200_cough"
"1693","","","UMLS:C0231528_myalgia"
"1694","UMLS:C0021400_influenza","68","UMLS:C0242143_uncoordination"
"1695","","","UMLS:C0015967_fever"
"1696","","","UMLS:C0008033_pleuritic pain"
"1697","","","UMLS:C1260880_snuffle"
"1698","","","UMLS:C0242429_throat sore"
"1699","","","UMLS:C0231218_malaise"
"1700","","","UMLS:C0742985_debilitation"
"1701","","","UMLS:C0436331_symptom aggravating factors"
"1702","","","UMLS:C0085593_chill"
"1703","","","UMLS:C0240962_scleral icterus"
"1704","","","UMLS:C0277873_nasal flaring"
"1705","","","UMLS:C0013428_dysuria"
"1706","","","UMLS:C0542073_lip smacking"
"1707","","","UMLS:C0018681_headache"
"1708","","","UMLS:C0037383_sneeze"
"1709","","","UMLS:C0037384_snore"
"1710","","","UMLS:C0457097_green sputum"
"1711","","","UMLS:C0392680_shortness of breath"
"1712","","","UMLS:C0476273_distress respiratory"
"1713","","","UMLS:C0312422_blackout"
"1714","","","UMLS:C0277794_extreme exhaustion"
"1715","UMLS:C0439857_dependence","67","UMLS:C0728899_intoxication"
"1716","","","UMLS:C0040822_tremor"
"1717","","","UMLS:C0085631_agitation"
"1718","","","UMLS:C0438696_suicidal"
"1719","","","UMLS:C0237154_homelessness"
"1720","","","UMLS:C0242453_prostatism"
"1721","","","UMLS:C0023380_lethargy"
"1722","","","UMLS:C0036572_seizure"
"1723","","","UMLS:C0231530_muscle twitch"
"1724","","","UMLS:C0848340_stuffy nose"
"1725","","","UMLS:C0150041_feeling hopeless"
"1726","","","UMLS:C0581911_heavy legs"
"1727","","","UMLS:C0034642_rale"
"1728","UMLS:C0087086_thrombus","67","UMLS:C0086439_hypokinesia"
"1729","","","UMLS:C0003123_anorexia"
"1730","","","UMLS:C0235396_hypertonicity"
"1731","","","UMLS:C0392680_shortness of breath"
"1732","","","UMLS:C0239981_hypoalbuminemia"
"1733","","","UMLS:C0033774_pruritus"
"1734","","","UMLS:C0234233_sore to touch"
"1735","","","UMLS:C0578150_hemodynamically stable"
"1736","","","UMLS:C0427055_facial paresis"
"1737","","","UMLS:C0042963_vomiting"
"1738","","","UMLS:C0241252_stool color yellow"
"1739","UMLS:C0008325_cholecystitis","66","UMLS:C0859032_moan"
"1740","","","UMLS:C0027497_nausea"
"1741","","","UMLS:C0000737_pain abdominal"
"1742","","","UMLS:C0277977_Murphy's sign"
"1743","","","UMLS:C0016204_flatulence"
"1744","","","UMLS:C0232488_colic abdominal"
"1745","","","UMLS:C0030193_pain"
"1746","","","UMLS:C0003962_ascites"
"1747","","","UMLS:C0011991_diarrhea"
"1748","","","UMLS:C0151878_qt interval prolonged"
"1749","","","UMLS:C0425560_cardiovascular
  finding^UMLS:C1320716_cardiovascular event"
"1750","","","UMLS:C0541992_groggy"
"1751","","","UMLS:C0232201_sinus rhythm"
"1752","","","UMLS:C0425449_gasping for breath"
"1753","","","UMLS:C0009806_constipation"
"1754","","","UMLS:C0474505_feces in rectum"
"1755","","","UMLS:C0702118_abnormally hard consistency"
"1756","UMLS:C0019291_hernia
  hiatal","61","UMLS:C0000737_pain abdominal"
"1757","","","UMLS:C0231230_fatigability"
"1758","","","UMLS:C0240805_prodrome"
"1759","","","UMLS:C0042963_vomiting"
"1760","","","UMLS:C0027497_nausea"
"1761","","","UMLS:C0231528_myalgia"
"1762","","","UMLS:C0020625_hyponatremia"
"1763","","","UMLS:C0234233_sore to touch"
"1764","","","UMLS:C0858924_general discomfort"
"1765","","","UMLS:C0231807_dyspnea on exertion"
"1766","","","UMLS:C0232766_asterixis"
"1767","","","UMLS:C0744492_guaiac positive"
"1768","","","UMLS:C0239832_numbness of hand"
"1769","","","UMLS:C0018681_headache"
"1770","","","UMLS:C0085636_photophobia"
"1771","UMLS:C0149931_migraine
  disorders","61","UMLS:C0002416_ambidexterity"
"1772","","","UMLS:C0042963_vomiting"
"1773","","","UMLS:C0012833_dizziness"
"1774","","","UMLS:C0028643_numbness"
"1775","","","UMLS:C0027497_nausea"
"1776","","","UMLS:C0015967_fever"
"1777","","","UMLS:C0038002_splenomegaly"
"1778","UMLS:C0030312_pancytopenia","61","UMLS:C0020639_hypoproteinemia"
"1779","","","UMLS:C0015672_fatigue"
"1780","","","UMLS:C0019080_haemorrhage"
"1781","","","UMLS:C0231230_fatigability"
"1782","","","UMLS:C0332601_cushingoid facies^UMLS:C0878661_cushingoid habitus"
"1783","","","UMLS:C0241252_stool color yellow"
"1784","","","UMLS:C0232488_colic abdominal"
"1785","UMLS:C0008350_cholelithiasis^UMLS:C0242216_biliary
  calculus","61","UMLS:C0042963_vomiting"
"1786","","","UMLS:C0027497_nausea"
"1787","","","UMLS:C0000737_pain abdominal"
"1788","","","UMLS:C0030193_pain"
"1789","","","UMLS:C0332601_cushingoid facies^UMLS:C0878661_cushingoid habitus"
"1790","","","UMLS:C0003962_ascites"
"1791","","","UMLS:C0205400_thicken"
"1792","","","UMLS:C0234233_sore to touch"
"1793","","","UMLS:C0011991_diarrhea"
"1794","","","UMLS:C0277797_apyrexial"
"1795","","","UMLS:C0030252_palpitation"
"1796","UMLS:C0039239_tachycardia
  sinus","56","UMLS:C0238705_left atrial hypertrophy"
"1797","","","UMLS:C0038990_sweat^UMLS:C0700590_sweating increased"
"1798","","","UMLS:C0556346_alcohol binge episode"
"1799","","","UMLS:C0438716_pressure chest"
"1800","","","UMLS:C0241158_scar tissue"
"1801","","","UMLS:C0425560_cardiovascular
  finding^UMLS:C1320716_cardiovascular event"
"1802","","","UMLS:C0149746_orthostasis"
"1803","","","UMLS:C0392680_shortness of breath"
"1804","","","UMLS:C0520888_t wave inverted"
"1805","","","UMLS:C0042963_vomiting"
"1806","","","UMLS:C0000737_pain abdominal"
"1807","UMLS:C1258215_ileus","56","UMLS:C0549483_abscess bacterial"
"1808","","","UMLS:C0000727_abdomen acute"
"1809","","","UMLS:C0740844_air fluid level"
"1810","","","UMLS:C0425491_catching breath"
"1811","","","UMLS:C0232498_abdominal tenderness"
"1812","","","UMLS:C0027497_nausea"
"1813","","","UMLS:C0234233_sore to touch"
"1814","","","UMLS:C0016204_flatulence"
"1815","","","UMLS:C0011991_diarrhea"
"1816","","","UMLS:C0577559_mass of body structure"
"1817","","","UMLS:C0277797_apyrexial"
"1818","","","UMLS:C0009806_constipation"
"1819","","","UMLS:C0205400_thicken"
"1820","","","UMLS:C0232995_gravida 0"
"1821","","","UMLS:C0000737_pain abdominal"
"1822","UMLS:C0001511_adhesion","57","UMLS:C0016204_flatulence"
"1823","","","UMLS:C0030193_pain"
"1824","","","UMLS:C0456091_large-for-dates fetus"
"1825","","","UMLS:C0233070_para 1"
"1826","","","UMLS:C0042963_vomiting"
"1827","","","UMLS:C0034079_lung nodule"
"1828","","","UMLS:C0006157_breech presentation"
"1829","","","UMLS:C0392680_shortness of breath"
"1830","","","UMLS:C0043096_decreased body weight"
"1831","","","UMLS:C0231441_immobile"
"1832","","","UMLS:C1273573_unsteady gait"
"1833","","","UMLS:C0233763_hallucinations visual"
"1834","","","UMLS:C0424000_feeling suicidal"
"1835","UMLS:C0011253_delusion","56","UMLS:C0240233_loose associations"
"1836","","","UMLS:C0392701_giddy mood"
"1837","","","UMLS:C0150041_feeling hopeless"
"1838","","","UMLS:C0085631_agitation"
"1839","","","UMLS:C0233762_hallucinations auditory"
"1840","","","UMLS:C0022107_irritable mood"
"1841","","","UMLS:C0917801_sleeplessness"
"1842","","","UMLS:C0233647_neologism"
"1843","","","UMLS:C0455204_homicidal thoughts"
"1844","","","UMLS:C0578859_disturbed family"
"1845","","","UMLS:C0233481_worry"
"1846","","","UMLS:C0231187_decompensation"
"1847","","","UMLS:C0558089_verbally abusive behavior"
"1848","","","UMLS:C0007398_catatonia"
"1849","","","UMLS:C0438696_suicidal"
"1850","","","UMLS:C0558261_terrify"
"1851","","","UMLS:C0312422_blackout"
"1852","","","UMLS:C0424109_weepiness"
"1853","","","UMLS:C0338656_impaired cognition"
"1854","","","UMLS:C0022107_irritable mood"
"1855","","","UMLS:C0085631_agitation"
"1856","UMLS:C0233472_affect
  labile","45","UMLS:C0277794_extreme exhaustion"
"1857","","","UMLS:C0917801_sleeplessness"
"1858","","","UMLS:C0014394_enuresis"
"1859","","","UMLS:C0376405_patient non compliance"
"1860","","","UMLS:C0150041_feeling hopeless"
"1861","","","UMLS:C0233763_hallucinations visual"
"1862","","","UMLS:C0425251_bedridden^UMLS:C0741453_bedridden"
"1863","","","UMLS:C0242453_prostatism"
"1864","UMLS:C0011127_decubitus
  ulcer","42","UMLS:C0232257_systolic murmur"
"1865","","","UMLS:C0871754_frail"
"1866","","","UMLS:C0015967_fever"
